name,url,author,num_watch,num_stars,num_forks,num_open_issues,last_updated
diversity-index,https://github.com/svaksha/50-DI,svaksha,5,11,3,0,2015-07-24T21:26:50Z
amas,https://github.com/sindresorhus/amas,sindresorhus,23,194,51,0,2015-08-14T13:59:29Z
Annual-Reading-List,https://github.com/davidskeck/Annual-Reading-List,davidskeck,3,6,1,0,2015-08-12T13:23:02Z
awesomebandnames,https://github.com/LycaonIsAWolf/awesomebandnames,LycaonIsAWolf,1,3,2,0,2015-03-22T17:15:48Z
awesome-biology,https://github.com/vivekiitkgp/awesome-biology,vivekiitkgp,3,4,1,2,2015-07-28T04:25:22Z
awesome-fantasy,https://github.com/RichardLitt/awesome-fantasy,RichardLitt,7,112,8,3,2015-08-14T15:21:28Z
awesome-gif,https://github.com/Kikobeats/awesome-gif,Kikobeats,3,26,2,0,2015-08-14T15:19:27Z
awesome-glasgow,https://github.com/allyjweir/awesome-glasgow,allyjweir,1,2,0,0,2015-08-14T14:53:48Z
awesome-health,https://github.com/prabhic/awesome-health,prabhic,4,6,0,0,2015-06-30T01:17:47Z
awesome-images,https://github.com/heyalexej/awesome-images,heyalexej,52,534,80,10,2015-08-14T01:26:24Z
awesome-kimchi,https://github.com/jeyraof/awesome-kimchi,jeyraof,1,19,2,0,2015-07-16T13:36:28Z
awesome-motion-planning,https://github.com/AGV-IIT-KGP/awesome-motion-planning,AGV-IIT-KGP,24,8,2,1,2015-08-04T12:38:59Z
awesome-scifi,https://github.com/sindresorhus/awesome-scifi,sindresorhus,53,747,54,8,2015-08-14T14:39:58Z
awesome-webcomics,https://github.com/dhamaniasad/awesome-webcomics,dhamaniasad,1,6,2,0,2015-08-14T14:57:11Z
baby-sleep,https://github.com/babyguides/baby-sleep,babyguides,1,0,1,0,2014-10-19T03:28:08Z
ahskavs,https://github.com/svaksha/biology,svaksha,2,2,0,0,2015-07-10T15:30:32Z
cocktails,https://github.com/balevine/cocktails,balevine,9,32,11,2,2015-08-14T15:12:07Z
corporate-logos,https://github.com/marketreef/corporate-logos,marketreef,1,6,0,0,2015-05-20T03:19:26Z
creative-commons-media,https://github.com/shime/creative-commons-media,shime,5,49,3,0,2015-08-14T07:56:52Z
dissertation-tips,https://github.com/katychuang/dissertation-tips,katychuang,1,6,0,0,2015-07-20T16:12:09Z
endangered-languages,https://github.com/RichardLitt/endangered-languages,RichardLitt,13,54,18,37,2015-08-14T13:40:58Z
food-recipes,https://github.com/obfuscurity/food-recipes,obfuscurity,1,18,2,1,2015-08-12T13:22:56Z
lawrence-veggie,https://github.com/codysoyland/lawrence-veggie,codysoyland,2,6,0,0,2013-11-02T03:54:47Z
lawyersongithub,https://github.com/dpp/lawyersongithub,dpp,22,37,73,19,2015-06-23T10:38:29Z
mining-resources,https://github.com/Mining-Resources/mining-resources,Mining-Resources,1,1,0,0,2015-02-26T03:07:50Z
PublicMedia,https://github.com/melodykramer/PublicMedia,melodykramer,17,19,32,6,2015-07-14T13:31:00Z
recipes,https://github.com/bzimmerman/recipes,bzimmerman,2,3,15,1,2015-08-14T14:53:07Z
recipes,https://github.com/csswizardry/recipes,csswizardry,2,32,5,1,2015-03-25T10:37:41Z
recipes,https://github.com/csclug/recipes,csclug,8,5,7,1,2014-09-09T04:13:03Z
recipes,https://github.com/LarryMad/recipes,LarryMad,3,7,5556,415,2015-08-14T01:39:14Z
recipes,https://github.com/schacon/recipes,schacon,2,14,32,0,2013-12-23T12:22:15Z
ahskavs,https://github.com/svaksha/scientia,svaksha,2,2,0,0,2015-07-10T15:30:32Z
shelfies,https://github.com/kyro/shelfies,kyro,9,26,3,0,2015-07-20T19:17:36Z
SiliconValleyThingsToDo,https://github.com/cjbarber/SiliconValleyThingsToDo,cjbarber,6,156,3,0,2015-08-04T04:27:46Z
soylent,https://github.com/zda/soylent,zda,46,229,51,2,2015-07-27T16:53:11Z
sf-vegetarian-restaurants,https://github.com/mojombo/sf-vegetarian-restaurants,mojombo,2,142,36,1,2015-07-02T18:26:03Z
teesites,https://github.com/elder-cb/teesites,elder-cb,4,14,10,1,2015-08-14T14:13:44Z
tacofancy,https://github.com/sinker/tacofancy,sinker,70,848,209,4,2015-08-14T15:01:04Z
101,https://github.com/ojas/101,ojas,2,4,0,0,2015-08-14T14:56:14Z
critical-path-css-tools,https://github.com/addyosmani/above-the-fold-css-tools,addyosmani,31,436,12,3,2015-08-14T04:15:41Z
admesh-projects,https://github.com/admesh/admesh-projects,admesh,2,1,0,0,2014-12-22T15:46:27Z
algovis,https://github.com/enjalot/algovis,enjalot,31,318,23,5,2015-08-13T23:19:01Z
alternative-internet,https://github.com/redecentralize/alternative-internet,redecentralize,247,2272,250,17,2015-08-13T19:44:24Z
android-awesome-libraries,https://github.com/kaiinui/android-awesome-libraries,kaiinui,2,55,7,0,2015-08-08T09:34:42Z
AndroidDevTools,https://github.com/inferjay/AndroidDevTools,inferjay,418,2442,945,5,2015-08-14T09:46:45Z
android-dev-readme,https://github.com/anirudh24seven/android-dev-readme,anirudh24seven,39,420,52,0,2015-08-01T06:27:14Z
android-jobs,https://github.com/android-cn/android-jobs,android-cn,380,861,340,1,2015-08-13T15:47:24Z
android-open-project,https://github.com/Trinea/android-open-project,Trinea,2082,9576,5506,3,2015-08-14T10:37:22Z
android-security-awesome,https://github.com/ashishb/android-security-awesome,ashishb,64,456,106,0,2015-08-14T01:33:31Z
android-tech-frontier,https://github.com/bboyfeiyu/android-tech-frontier,bboyfeiyu,430,2473,857,14,2015-08-14T13:05:10Z
angular-education,https://github.com/timjacobi/angular-education,timjacobi,49,591,67,1,2015-08-13T16:23:58Z
angular2-education,https://github.com/timjacobi/angular2-education,timjacobi,188,1952,179,0,2015-08-14T13:53:57Z
ansible-gentoo-roles,https://github.com/jirutka/ansible-gentoo-roles,jirutka,1,2,0,0,2015-05-24T08:47:36Z
app-launch-guide,https://github.com/adamwulf/app-launch-guide,adamwulf,185,3252,180,6,2015-08-12T23:49:32Z
APTnotes,https://github.com/kbandla/APTnotes,kbandla,297,652,178,16,2015-08-14T06:29:54Z
Automated-SPA-Testing,https://github.com/webpro/Automated-SPA-Testing,webpro,6,80,4,0,2015-06-15T13:27:39Z
awesomelinks,https://github.com/richardbenjamin/awesomelinks,richardbenjamin,1,2,1,0,2015-08-06T22:03:38Z
Backpack,https://github.com/sevab/Backpack,sevab,2,2,0,0,2015-01-03T07:36:12Z
badass-dev-resources,https://github.com/sodevious/badass-dev-resources,sodevious,1,3,0,0,2015-05-08T05:34:28Z
beautiful-docs,https://github.com/PharkMillups/beautiful-docs,PharkMillups,127,2361,178,22,2015-08-14T03:04:35Z
BEM-resources,https://github.com/sturobson/BEM-resources,sturobson,7,75,2,0,2015-08-13T04:06:14Z
best-of-awesomeness-and-usefulness-for-webdev,https://github.com/Pestov/best-of-awesomeness-and-usefuless-for-webdev,Pestov,35,253,33,1,2015-08-14T13:35:25Z
Best-App,https://github.com/hzlzh/Best-App,hzlzh,699,4367,648,7,2015-08-14T14:52:25Z
bigdata-ecosystem,https://github.com/zenkay/bigdata-ecosystem,zenkay,40,143,32,0,2015-08-14T14:34:17Z
bioinformatics-compbio-tools,https://github.com/lancelafontaine/bioinformatics-tool-list,lancelafontaine,1,18,3,0,2015-07-30T01:09:20Z
bitcoin-reading-list,https://github.com/jashmenn/bitcoin-reading-list,jashmenn,35,188,38,4,2015-08-12T08:46:46Z
bookmarklets,https://github.com/RadLikeWhoa/bookmarklets,RadLikeWhoa,2,24,7,0,2015-05-30T15:20:54Z
bookshelf,https://github.com/OpenTechSchool/bookshelf,OpenTechSchool,7,15,19,5,2015-07-28T12:51:56Z
browser-javascript-resource,https://github.com/azu/browser-javascript-resource,azu,20,70,2,1,2015-08-03T01:14:42Z
channels,https://github.com/forwebdev/channels,forwebdev,173,452,96,1,2015-08-08T20:48:37Z
awesome-ciandcd,https://github.com/itech001/ciandcd,ciandcd,14,80,10,2,2015-08-09T00:36:32Z
content-management-systems,https://github.com/ahadb/content-management-systems,ahadb,1,4,1,0,2015-08-14T14:59:04Z
Continuous-Integration-services,https://github.com/ligurio/Continuous-Integration-services,ligurio,5,40,9,0,2015-08-09T07:40:47Z
crypto-might-not-suck,https://github.com/sweis/crypto-might-not-suck,sweis,9,80,2,0,2015-08-05T20:43:36Z
css-resources,https://github.com/hr-14-15/css-resources,hr-14-15,15,4,3,0,2015-07-27T17:47:48Z
curated-list-espresso-sugar-plugins,https://github.com/GioSensation/curated-list-espresso-sugar-plugins,GioSensation,3,6,0,0,2015-04-08T23:38:11Z
Curated-List-of-Awesomeness,https://github.com/JayBizzle/Curated-List-of-Awesomeness,JayBizzle,2,7,0,0,2015-07-27T17:47:42Z
curated-programming-resources,https://github.com/Michael0x2a/curated-programming-resources,Michael0x2a,19,143,22,5,2015-08-14T05:58:11Z
digest.cyber.fund,https://github.com/cyberFund/cyberDigest,cyberFund,19,20,6,1,2015-07-20T09:48:00Z
awesome-lint,https://github.com/CarameloMartins/daemon,caramelomartins,4,4,1,0,2015-06-14T13:45:37Z
datajournalists-toolbox,https://github.com/basilesimon/datajournalists-toolbox,basilesimon,3,18,3,0,2015-05-20T18:10:45Z
data-science-blogs,https://github.com/rushter/data-science-blogs,rushter,149,1763,137,2,2015-08-14T15:28:42Z
go,https://github.com/datasciencemasters/go,datasciencemasters,642,3710,2192,18,2015-08-14T14:53:25Z
Developer-Conferences,https://github.com/MurtzaM/Developer-Conferences,MurtzaM,26,69,14,6,2015-07-20T03:05:47Z
devopsbookmarks.com,https://github.com/devopsbookmarks/devopsbookmarks.com,devopsbookmarks,22,263,87,17,2015-08-14T14:52:42Z
devops_resources,https://github.com/dustinmm80/devops_resources,dustinmm80,8,19,6,0,2015-07-28T04:47:12Z
dev-resource,https://github.com/Ibrahim-Islam/dev-resource,Ibrahim-Islam,3,8,2,0,2015-05-27T16:38:13Z
discount-for-student-dev,https://github.com/najela/discount-for-student-dev,najela,20,171,18,1,2015-08-13T17:06:59Z
django-must-watch,https://github.com/rosarior/django-must-watch,rosarior,49,505,39,0,2015-08-11T00:05:41Z
awesome-edtech-tools,https://github.com/hkalant/EducationalToolsResources,hkalant,2,7,0,0,2015-07-30T01:08:38Z
list,https://github.com/ember-links/list,ember-links,15,121,11,0,2015-08-13T02:13:14Z
erlang-bookmarks,https://github.com/0xAX/erlang-bookmarks,0xAX,121,785,151,0,2015-08-14T12:04:39Z
erlang-watchlist,https://github.com/gabrielelana/erlang-watchlist,gabrielelana,3,2,0,1,2014-11-22T10:53:14Z
ES6-Learning,https://github.com/ericdouglas/ES6-Learning,ericdouglas,106,1279,125,1,2015-08-14T15:23:39Z
es6-tools,https://github.com/addyosmani/es6-tools,addyosmani,162,2196,111,8,2015-08-14T13:42:28Z
essential-javascript-links,https://github.com/ericelliott/essential-javascript-links,ericelliott,175,2209,159,2,2015-08-14T14:02:54Z
Facets,https://github.com/O-I/Facets,O-I,1,3,0,0,2015-04-07T18:50:34Z
fks,https://github.com/JacksonTian/fks,JacksonTian,745,4586,1781,0,2015-08-14T14:07:23Z
flat-file-cms,https://github.com/ahadb/flat-file-cms,ahadb,25,133,29,8,2015-08-11T23:06:45Z
free-for-dev,https://github.com/ripienaar/free-for-dev,ripienaar,752,11579,1019,28,2015-08-14T13:55:27Z
free-programming-books,https://github.com/vhf/free-programming-books,vhf,2415,41943,9457,46,2015-08-14T15:22:22Z
free-programming-books-zh_CN,https://github.com/justjavac/free-programming-books-zh_CN,justjavac,1284,6952,2768,19,2015-08-14T15:21:11Z
MOOC,https://github.com/fffaraz/free-programming-courses,fffaraz,4,21,11,0,2015-07-27T17:46:47Z
free-software-testing-books,https://github.com/ligurio/free-software-testing-books,ligurio,58,290,86,0,2015-08-14T09:08:23Z
frontdesk,https://github.com/miripiruni/frontdesk,miripiruni,132,1235,212,1,2015-08-14T07:32:17Z
Front-end-Developer-Interview-Questions,https://github.com/darcyclarke/Front-end-Developer-Interview-Questions,h5bp,1410,17270,2880,15,2015-08-14T13:35:48Z
Front-end-Web-Development-Interview-Question,https://github.com/paddingme/Front-end-Web-Development-Interview-Question,paddingme,55,310,108,1,2015-08-14T09:53:16Z
front-end-stuff,https://github.com/somecallmejosh/front-end-links,somecallmejosh,3,5,1,0,2015-04-21T15:14:21Z
frontend-dev-bookmarks,https://github.com/dypsilon/frontend-dev-bookmarks,dypsilon,1492,15789,2730,66,2015-08-14T14:38:12Z
frontend-resources,https://github.com/JonathanZWhite/frontend-resources,JonathanZWhite,8,24,10,0,2015-07-06T14:19:40Z
frontend-resources,https://github.com/zedix/frontend-resources,zedix,2,6,0,0,2014-10-10T05:15:01Z
frontend-stuff,https://github.com/moklick/frontend-stuff,moklick,441,7049,548,0,2015-08-14T12:00:37Z
frontend-tools,https://github.com/codylindley/frontend-tools,codylindley,302,2225,531,14,2015-08-14T10:24:01Z
games,https://github.com/leereilly/games,leereilly,182,1468,294,7,2015-08-14T14:53:47Z
github-cheat-sheet,https://github.com/tiimgreen/github-cheat-sheet,tiimgreen,905,16947,1792,4,2015-08-14T14:56:08Z
github-hall-of-fame,https://github.com/mehulkar/github-hall-of-fame,mehulkar,44,400,17,5,2015-08-11T14:43:49Z
go-must-watch,https://github.com/sauravtom/go-must-watch,sauravtom,3,12,0,0,2015-08-11T09:29:41Z
graphics-resources,https://github.com/mattdesl/graphics-resources,mattdesl,51,568,35,0,2015-08-11T08:09:29Z
hackathon_resources,https://github.com/myearwood/hackathon_resources,myearwood,2,13,3,0,2015-07-27T17:43:50Z
Hackathon-Resources,https://github.com/xasos/Hackathon-Resources,xasos,6,75,20,0,2015-08-10T11:14:22Z
haskell-must-watch,https://github.com/drKraken/haskell-must-watch,drKraken,39,387,33,0,2015-08-14T14:40:40Z
HeadlessBrowsers,https://github.com/dhamaniasad/HeadlessBrowsers,dhamaniasad,7,92,10,0,2015-08-12T14:40:56Z
hipchat-alternatives,https://github.com/cjbarber/hipchat-alternatives,cjbarber,18,173,22,6,2015-08-07T12:35:25Z
ideas,https://github.com/samsquire/ideas,samsquire,285,2305,193,4,2015-08-13T17:27:28Z
Inspire,https://github.com/Codingbean/Inspire,noahbuscher,24,259,18,0,2015-08-13T23:09:20Z
InterviewThis,https://github.com/ChiperSoft/InterviewThis,ChiperSoft,39,743,67,0,2015-08-14T14:43:31Z
ios-awesome-libraries,https://github.com/kaiinui/ios-awesome-libraries,kaiinui,1,1,0,0,2015-08-14T14:23:14Z
iOSDevResource,https://github.com/objcc/iOSDevResource,OBJCC,4,4,2,0,2015-04-30T16:16:02Z
iOS-Developer-and-Designer-Interview-Questions,https://github.com/CameronBanga/iOS-Developer-and-Designer-Interview-Questions,CameronBanga,55,644,84,0,2015-08-14T08:41:24Z
javascript-patterns,https://github.com/shichuan/javascript-patterns,shichuan,523,6823,1268,58,2015-08-14T11:47:32Z
javascript-resources,https://github.com/alexeygolovnya/javascript-resources,ztsu,1,1,0,0,2015-07-27T17:43:16Z
javascript-sdk-design,https://github.com/huei90/javascript-sdk-design,huei90,5,46,5,2,2015-08-10T04:45:35Z
jslibs,https://github.com/epeli/jslibs,epeli,3,41,3,0,2015-08-14T13:40:22Z
js-must-watch,https://github.com/bolshchikov/js-must-watch,bolshchikov,943,9848,686,14,2015-08-14T15:24:03Z
jsonauts.github.com,https://github.com/jsonauts/jsonauts.github.com,jsonauts,0,10,1,1,2015-01-03T07:44:53Z
jstools,https://github.com/codefellows/jstools,codefellows,33,177,34,8,2015-08-13T15:27:57Z
js-type-master,https://github.com/yumyo/js-type-master,yumyo,3,42,3,0,2015-08-06T17:43:58Z
Julia.jl,https://github.com/svaksha/Julia.jl,svaksha,30,218,55,0,2015-08-12T21:07:30Z
killer-talks,https://github.com/PharkMillups/killer-talks,PharkMillups,25,219,22,1,2015-08-14T14:29:30Z
Laravel-Resources,https://github.com/abhimanyusharma003/Laravel-Resources,abhimanyusharma003,16,74,27,0,2015-07-29T02:04:48Z
learn-drupal,https://github.com/rocketeerbkw/learn-drupal,rocketeerbkw,1,0,0,0,2014-06-08T06:36:28Z
learn-python,https://github.com/adrianmoisey/learn-python,adrianmoisey,1,8,3,0,2015-08-07T20:31:24Z
learnxinyminutes-docs,https://github.com/adambard/learnxinyminutes-docs,adambard,141,2607,851,72,2015-08-14T06:28:32Z
libertr,https://github.com/Libertr/libertr,gaapt,2,5,2,0,2015-08-07T16:24:25Z
lifeofjs,https://github.com/abhijeetkpawar/lifeofjs,abhijeetkpawar,8,28,14,1,2015-04-25T06:15:08Z
ListOfMinimalistFrameworks,https://github.com/neiesc/ListOfMinimalistFrameworks,neiesc,158,2528,219,4,2015-08-12T19:27:21Z
magictools,https://github.com/ellisonleao/magictools,ellisonleao,161,2388,194,2,2015-08-14T09:24:10Z
manong,https://github.com/nemoTyrant/manong,nemoTyrant,424,2578,578,0,2015-08-14T14:21:37Z
markdown-resources,https://github.com/rhythmus/markdown-resources,rhythmus,9,98,11,3,2015-08-12T11:50:23Z
Awesome-MaterialDesign,https://github.com/lightSky/MaterialDesignCenter,lightSky,229,2376,634,3,2015-08-14T13:06:42Z
my_tech_resources,https://github.com/JamesLavin/my_tech_resources,JamesLavin,8,26,4,0,2015-08-11T02:20:42Z
must-watch-css,https://github.com/AllThingsSmitty/must-watch-css,AllThingsSmitty,214,1718,122,0,2015-08-14T12:03:44Z
must-watch-javascript,https://github.com/AllThingsSmitty/must-watch-javascript,AllThingsSmitty,63,352,24,1,2015-08-13T18:13:33Z
resources,https://github.com/nashville-lispers/resources,nashville-lispers,2,2,0,0,2015-01-18T11:49:57Z
nginx-resources,https://github.com/fcambus/nginx-resources,fcambus,106,1350,108,0,2015-08-14T10:47:50Z
node-daily,https://github.com/dailyNode/node-daily,dailyNode,57,319,64,0,2015-08-04T06:53:02Z
node-frameworks,https://github.com/pillarjs/node-frameworks,pillarjs,11,233,14,3,2015-08-12T13:17:51Z
nodejs-conference-cfps,https://github.com/rosskukulinski/nodejs-conference-cfps,rosskukulinski,1,0,0,0,2014-08-05T06:07:43Z
NodeJS-Learning,https://github.com/sergtitov/NodeJS-Learning,sergtitov,45,364,92,1,2015-08-09T19:53:21Z
NotesIndex,https://github.com/Wilbeibi/NotesIndex,Wilbeibi,22,154,36,0,2015-08-11T14:02:15Z
npm-algos,https://github.com/tejasmanohar/npm-algos,tejasmanohar,44,734,39,0,2015-08-13T07:34:03Z
offline-first,https://github.com/pazguille/offline-first,pazguille,79,1080,60,2,2015-08-14T14:38:02Z
open-source-android-apps,https://github.com/pcqpcq/open-source-android-apps,pcqpcq,193,2024,312,6,2015-08-14T08:31:55Z
open-source-ios-apps,https://github.com/dkhamsing/open-source-ios-apps,dkhamsing,180,2017,292,1,2015-08-14T15:03:27Z
ops-books,https://github.com/stack72/ops-books,stack72,46,407,34,4,2015-08-14T06:30:52Z
papers,https://github.com/NicolasT/papers,NicolasT,1,8,0,0,2015-06-09T06:32:46Z
papers-we-love,https://github.com/papers-we-love/papers-we-love,papers-we-love,1375,13954,1355,14,2015-08-14T15:25:21Z
pattern_classification,https://github.com/rasbt/pattern_classification,rasbt,151,1238,287,0,2015-08-13T15:33:59Z
php-must-watch,https://github.com/phptodayorg/php-must-watch,phptodayorg,245,1685,123,1,2015-08-14T13:59:59Z
PlacesToPostYourStartup,https://github.com/mmccaff/PlacesToPostYourStartup,mmccaff,74,735,91,0,2015-08-13T19:55:08Z
post-mortems,https://github.com/danluu/post-mortems,danluu,101,1492,42,10,2015-08-14T15:25:13Z
programmers-proverbs,https://github.com/AntJanus/programmers-proverbs,AntJanus,54,460,44,12,2015-08-09T10:27:54Z
programming-talks,https://github.com/hellerve/programming-talks,hellerve,63,366,43,0,2015-08-13T19:03:11Z
Projects,https://github.com/karan/Projects,karan,844,7946,4493,10,2015-08-14T15:09:49Z
pycrumbs,https://github.com/kirang89/pycrumbs,kirang89,290,2045,544,4,2015-08-14T11:52:50Z
py-must-watch,https://github.com/s16h/py-must-watch,s16h,206,1911,159,19,2015-08-14T13:28:26Z
python-github-projects,https://github.com/checkcheckzz/python-github-projects,checkcheckzz,26,116,13,0,2015-08-09T05:35:29Z
pythonidae,https://github.com/svaksha/pythonidae,svaksha,32,228,43,0,2015-08-14T11:44:35Z
python-must-watch,https://github.com/primalpop/python-must-watch,primalpop,2,6,0,0,2015-08-14T14:17:39Z
python_reference,https://github.com/rasbt/python_reference,rasbt,139,1309,198,0,2015-08-14T08:41:33Z
Qix,https://github.com/ty4z2008/Qix,ty4z2008,284,1474,630,6,2015-08-14T14:53:22Z
queues.io,https://github.com/strzalek/queues.io,strzalek,43,627,96,29,2015-08-13T13:47:10Z
rails-must-watch,https://github.com/gerricchaplin/rails-must-watch,gerricchaplin,2,6,0,0,2015-08-07T15:29:02Z
resource-list,https://github.com/kyasui/resource-list,kyasui,1,5,0,0,2015-08-04T19:01:45Z
resources,https://github.com/hr-14-15/resources,hr-14-15,30,141,43,0,2015-08-14T03:31:58Z
resources,https://github.com/jbranchaud/resources,jbranchaud,2,3,0,4,2015-04-29T16:19:57Z
Resources,https://github.com/tevko/Resources,tevko,48,357,41,1,2015-07-27T17:29:18Z
rss-readers-list,https://github.com/smithbr/rss-readers-list,smithbr,4,16,7,0,2015-04-15T00:02:48Z
ruby-bookmarks,https://github.com/dreikanter/ruby-bookmarks,dreikanter,97,931,117,2,2015-08-10T17:08:34Z
rubybib.org,https://github.com/rubybib/rubybib.org,rubybib,2,25,4,1,2015-07-05T07:13:03Z
ruby-dev-bookmarks,https://github.com/saberma/ruby-dev-bookmarks,saberma,57,373,94,0,2015-08-14T11:55:35Z
ruby-nlp,https://github.com/diasks2/ruby-nlp,diasks2,38,410,25,0,2015-08-13T21:43:00Z
ruby-trivia,https://github.com/gregstallings/ruby-trivia,gregstallings,63,693,122,2,2015-08-14T08:31:10Z
rust-lang-resources,https://github.com/dschenkelman/rust-lang-resources,dschenkelman,1,1,0,0,2015-01-05T14:20:37Z
rx-react-flux,https://github.com/christianramsey/rx-react-flux,christianramsey,3,8,1,0,2015-08-11T15:29:30Z
scalable-css-reading-list,https://github.com/davidtheclark/scalable-css-reading-list,davidtheclark,91,828,39,0,2015-08-14T00:19:21Z
secure-email,https://github.com/OpenTechFund/secure-email,OpenTechFund,66,295,39,12,2015-07-27T19:04:15Z
search-engine-optimization,https://github.com/marcobiedermann/search-engine-optimization,marcobiedermann,11,56,8,4,2015-08-12T14:27:08Z
services-engineering,https://github.com/mmcgrana/services-engineering,mmcgrana,186,1841,102,49,2015-08-13T14:35:27Z
shellshocker-pocs,https://github.com/mubix/shellshocker-pocs,mubix,118,535,100,3,2015-08-12T18:52:16Z
spawnedshelter,https://github.com/pyotrgalois/spawnedshelter,unbalancedparentheses,15,79,12,1,2015-08-14T14:53:49Z
speech-language-processing,https://github.com/edobashira/speech-language-processing,edobashira,33,130,29,3,2015-08-13T13:13:00Z
StartupKnowledgeBase,https://github.com/bnjs/StartupKnowledgeBase,bnjs,1,7,0,0,2015-07-07T12:26:56Z
startup-must-watch,https://github.com/gerricchaplin/startup-must-watch,gerricchaplin,3,15,1,0,2015-08-14T14:53:40Z
startupreadings,https://github.com/dennybritz/startupreadings,dennybritz,15,96,21,0,2015-08-02T07:34:55Z
Startup-Resources,https://github.com/JonathanZWhite/startup-resources,JonathanZWhite,1,2,2,1,2015-05-12T16:34:43Z
static-site-generator-comparison,https://github.com/jaspervdj/static-site-generator-comparison,jaspervdj,13,96,141,5,2015-08-04T09:41:38Z
Static-Site-Generators,https://github.com/pinceladasdaweb/Static-Site-Generators,pinceladasdaweb,25,313,56,0,2015-08-11T17:03:27Z
streaming-papers,https://github.com/sorenmacbeth/streaming-papers,sorenmacbeth,24,114,9,0,2015-08-10T13:32:27Z
sublime,https://github.com/JaredCubilla/sublime,JaredCubilla,52,388,36,0,2015-08-14T10:39:01Z
sublime-bookmarks,https://github.com/dreikanter/sublime-bookmarks,dreikanter,24,243,15,1,2015-08-12T08:36:14Z
SwiftInFlux,https://github.com/ksm/SwiftInFlux,ksm,343,1873,82,15,2015-08-14T04:05:59Z
tech-weekly,https://github.com/adrianmoisey/tech-weekly,adrianmoisey,1,2,1,0,2014-12-10T16:53:39Z
Toolbox,https://github.com/Dillion/Toolbox,Dillion,3,10,0,0,2015-06-16T02:16:21Z
tool_lists,https://github.com/johnyf/tool_lists,johnyf,20,54,8,0,2015-08-10T21:41:43Z
tools,https://github.com/lvwzhen/tools,lvwzhen,16,141,19,1,2015-07-27T16:32:32Z
ToolsOfTheTrade,https://github.com/cjbarber/ToolsOfTheTrade,cjbarber,269,5840,571,45,2015-08-14T07:01:13Z
trending-repositories,https://github.com/Semigradsky/trending-repositories,Semigradsky,1,4,0,0,2015-06-13T21:04:34Z
trip-to-iOS,https://github.com/Aufree/trip-to-iOS,Aufree,458,3327,996,0,2015-08-14T09:55:47Z
twofactorauth,https://github.com/jdavis/twofactorauth,jdavis,45,599,473,34,2015-08-14T12:57:52Z
type-findings,https://github.com/charlespeters/type-findings,charlespeters,2,12,0,0,2015-07-29T13:47:27Z
universities-on-github,https://github.com/filler/universities-on-github,filler,3,22,20,0,2015-06-20T05:07:06Z
WebComponents-Polymer-Resources,https://github.com/matthiasn/WebComponents-Polymer-Resources,matthiasn,2,7,1,0,2014-12-27T16:19:27Z
webcomponents-the-right-way,https://github.com/mateusortiz/webcomponents-the-right-way,mateusortiz,60,719,42,5,2015-08-11T06:34:57Z
webdevresourcecuration,https://github.com/lwakefield/webdevresourcecuration,lwakefield,1,1,0,0,2015-05-09T00:06:19Z
web-dev-resources,https://github.com/ericandrewlewis/web-dev-resources,ericandrewlewis,1,15,3,0,2015-05-09T16:32:28Z
web-development-resources,https://github.com/MasonONeal/web-development-resources,MasonONeal,1,1,0,0,2015-07-27T17:20:01Z
weekly,https://github.com/zenany/weekly,zenany,172,520,121,0,2015-08-14T14:46:37Z
WishThereWas,https://github.com/zavelevsky/WishThereWas,zavelevsky,15,39,2,2,2015-08-14T14:18:06Z
Worth-Reading-the-Android-technical-articles,https://github.com/zmywly8866/Worth-Reading-the-Android-technical-articles,zmywly8866,47,272,121,0,2015-08-14T04:52:13Z
awesome-2048-and-beyond,https://github.com/cstrap/awesome-2048-and-beyond,cstrap,1,8,6,0,2015-06-06T05:01:25Z
awesome-a11y,https://github.com/brunopulis/awesome-a11y,brunopulis,10,41,5,0,2015-08-14T01:05:48Z
awesome-acf,https://github.com/reyhoun/awesome-acf,navidkashani,20,142,16,2,2015-08-13T10:37:37Z
awesome-activeadmin,https://github.com/serradura/awesome-activeadmin,serradura,10,77,6,0,2015-08-11T11:22:09Z
awesome-algorithms,https://github.com/tayllan/awesome-algorithms,tayllan,88,777,108,0,2015-08-14T14:13:34Z
awesome-analytics,https://github.com/onurakpolat/awesome-analytics,onurakpolat,31,186,51,9,2015-08-13T06:56:59Z
awesome-android,https://github.com/Jackgris/awesome-android,Jackgris,2,8,3,0,2015-01-21T15:07:00Z
awesome-android,https://github.com/JStumpp/awesome-android,JStumpp,142,1244,238,1,2015-08-14T14:27:34Z
awesome-android,https://github.com/snowdream/awesome-android,snowdream,255,2280,545,0,2015-08-14T14:37:23Z
awesome-android-awesomeness,https://github.com/yongjhih/awesome-android-awesomeness,yongjhih,1,20,2,0,2015-08-02T20:40:10Z
awesome-android-libraries,https://github.com/wasabeef/awesome-android-libraries,wasabeef,141,1309,264,6,2015-08-14T09:39:22Z
awesome-android-ui,https://github.com/wasabeef/awesome-android-ui,wasabeef,976,8505,1973,16,2015-08-14T14:29:35Z
awesome-angular,https://github.com/hugoleodev/awesome-angular,hugoleodev,1,12,0,0,2015-08-07T08:15:28Z
awesome-angularjs,https://github.com/gianarb/awesome-angularjs,gianarb,93,858,113,1,2015-08-14T14:07:37Z
awesome-answers,https://github.com/jugoncalves/awesome-answers,jugoncalves,21,183,24,0,2015-08-13T22:02:51Z
awesome-apple,https://github.com/joeljfischer/awesome-apple,joeljfischer,32,432,63,2,2015-08-13T02:39:52Z
awesome-appsec,https://github.com/paragonie/awesome-appsec,paragonie,74,945,51,9,2015-08-14T15:13:40Z
awesome-arabic,https://github.com/OthmanAba/awesome-arabic,OthmanAba,1,4,0,0,2015-05-20T03:08:25Z
awesome-asciidoc,https://github.com/bodiam/awesome-asciidoc,bodiam,6,9,0,0,2015-07-17T04:34:42Z
awesome-asciidoctor,https://github.com/dongwq/awesome-asciidoctor,dongwq,1,2,0,0,2015-02-09T16:35:54Z
awesome-asm,https://github.com/mat0thew/awesome-asm,mat0thew,4,12,7,1,2015-08-13T14:10:34Z
awesome-AutoHotkey,https://github.com/ahkscript/awesome-AutoHotkey,ahkscript,27,93,22,1,2015-08-11T09:40:58Z
awesome-avr,https://github.com/fffaraz/awesome-avr,fffaraz,5,11,6,0,2015-08-14T15:20:26Z
awesome-backbone,https://github.com/instanceofpro/awesome-backbone,instanceofpro,22,241,23,0,2015-08-11T18:19:12Z
awesome-bem,https://github.com/floatdrop/awesome-bem,getbem,5,20,3,2,2015-07-16T03:27:46Z
awesome-bigdata,https://github.com/onurakpolat/awesome-bigdata,onurakpolat,370,2262,526,0,2015-08-14T08:41:28Z
Awesome-Bioinformatics,https://github.com/danielecook/Awesome-Bioinformatics,danielecook,2,10,3,0,2015-07-17T17:22:17Z
awesome-bootstrap,https://github.com/therebelrobot/awesome-bootstrap,therebelrobot,15,119,6,1,2015-08-13T18:54:09Z
awesome-c,https://github.com/kozross/awesome-c,kozross,84,815,100,3,2015-08-13T17:57:03Z
awesome-cakephp,https://github.com/FriendsOfCake/awesome-cakephp,FriendsOfCake,70,271,79,1,2015-08-11T18:17:37Z
awesome-cassandra,https://github.com/yikebocai/awesome-cassandra,yikebocai,0,0,1,0,2014-07-23T00:29:47Z
awesome-chef,https://github.com/obazoud/awesome-chef,obazoud,10,16,4,0,2015-06-21T17:53:37Z
awesome-ci,https://github.com/pditommaso/awesome-ci,pditommaso,1,2,0,0,2015-07-31T19:04:44Z
awesome-cl,https://github.com/kozross/awesome-cl,CodyReichert,32,180,13,3,2015-08-14T14:49:14Z
awesome-clojure,https://github.com/razum2um/awesome-clojure,razum2um,39,389,46,1,2015-08-14T14:27:01Z
awesome-cloud,https://github.com/JStumpp/awesome-cloud,JStumpp,4,15,8,0,2015-07-27T17:19:39Z
awesome-cloud-storage,https://github.com/wapmorgan/awesome-cloud-storage,wapmorgan,2,3,0,0,2015-07-27T17:13:26Z
awesome-code-formatters,https://github.com/rishirdua/awesome-code-formatters,rishirdua,1,2,1,0,2015-07-06T00:30:50Z
awesome-coldfusion,https://github.com/seancoyne/awesome-coldfusion,seancoyne,10,22,9,0,2015-08-12T18:49:32Z
awesome-comparisons,https://github.com/dhamaniasad/awesome-comparisons,dhamaniasad,2,2,0,0,2015-07-27T17:13:41Z
awesome-computer-vision,https://github.com/AGV-IIT-KGP/awesome-computer-vision,AGV-IIT-KGP,24,6,5,3,2015-06-04T03:29:58Z
awesome-conference-playlists,https://github.com/chentsulin/awesome-conference-playlists,chentsulin,1,2,0,0,2014-10-19T07:51:58Z
awesome-conferences,https://github.com/RichardLitt/awesome-conferences,RichardLitt,29,261,50,8,2015-08-14T06:01:11Z
awesome-container,https://github.com/tcnksm/awesome-container,tcnksm,6,46,3,1,2015-07-16T13:03:38Z
awesome-cordova,https://github.com/busterc/awesome-cordova,busterc,13,63,8,0,2015-08-11T19:03:24Z
awesome-courses,https://github.com/prakhar1989/awesome-courses,prakhar1989,1194,12537,1570,7,2015-08-14T15:14:21Z
awesome-cpp,https://github.com/fffaraz/awesome-cpp,fffaraz,445,3226,587,14,2015-08-14T15:14:13Z
awesome-css,https://github.com/deepakbhattarai/awesome-css,deepakbhattarai,1,3,0,0,2015-07-27T17:13:07Z
awesome-css,https://github.com/ikkou/awesome-css,ikkou,6,40,8,7,2015-08-14T14:12:29Z
awesome-d,https://github.com/zhaopuming/awesome-d,zhaopuming,17,77,12,0,2015-08-07T09:53:24Z
awesome-d3,https://github.com/wbkd/awesome-d3,wbkd,102,2496,76,1,2015-08-14T14:58:01Z
awesome-dart,https://github.com/yissachar/awesome-dart,yissachar,23,94,19,2,2015-08-08T17:34:47Z
awesome-dashboard,https://github.com/obazoud/awesome-dashboard,obazoud,10,61,7,0,2015-08-11T18:20:04Z
awesome-datascience,https://github.com/okulbilisim/awesome-datascience,okulbilisim,294,1491,316,1,2015-08-14T14:12:49Z
awesome-datasets,https://github.com/viisar/awesome-datasets,viisar,6,9,2,0,2015-07-25T19:18:32Z
awesome-db,https://github.com/numetriclabz/awesome-db,numetriclabz,13,93,14,5,2015-08-07T17:28:19Z
awesome-ddd,https://github.com/wkjagt/awesome-ddd,wkjagt,2,1,0,0,2015-04-29T08:15:39Z
awesome-delphi,https://github.com/Fr0sT-Brutal/awesome-delphi,Fr0sT-Brutal,28,58,10,0,2015-08-14T05:21:37Z
awesome-derby,https://github.com/onerussell/awesome-derby,onerussell,3,8,0,0,2015-06-11T13:13:16Z
awesome-design,https://github.com/troyericg/awesome-design,troyericg,2,10,1,0,2015-07-02T21:29:02Z
awesome-devenv,https://github.com/jondot/awesome-devenv,jondot,25,225,26,1,2015-08-14T08:50:13Z
awesome-devtools,https://github.com/moimikey/awesome-devtools,moimikey,6,11,0,0,2015-07-24T00:37:42Z
awesome-django,https://github.com/rosarior/awesome-django,rosarior,244,2544,365,8,2015-08-14T12:56:18Z
awesome-django-cms,https://github.com/mishbahr/awesome-django-cms,mishbahr,14,47,2,0,2015-08-04T00:25:40Z
awesome-docker,https://github.com/anildigital/awesome-docker,anildigital,6,17,4,2,2015-06-21T17:54:57Z
awesome-docker,https://github.com/veggiemonk/awesome-docker,veggiemonk,125,1205,117,0,2015-08-14T08:34:56Z
awesome-doctrine,https://github.com/TomasVotruba/awesome-doctrine,TomasVotruba,12,53,2,0,2015-08-09T11:46:56Z
awesome-dojo,https://github.com/peterkokot/awesome-dojo,peterkokot,5,29,5,0,2015-08-03T11:51:07Z
awesome-dotfiles,https://github.com/webpro/awesome-dotfiles,webpro,25,383,16,0,2015-08-14T04:05:49Z
awesome-dotnet,https://github.com/quozd/awesome-dotnet,quozd,149,863,141,4,2015-08-14T13:29:52Z
awesome-educate,https://github.com/mercer/awesome-educate,mercer,1,6,1,0,2015-07-20T16:33:16Z
awesome-elm,https://github.com/isRuslan/awesome-elm,isRuslan,6,59,0,0,2015-08-09T15:16:52Z
awesome-emacs,https://github.com/emacs-tw/awesome-emacs,emacs-tw,147,1008,114,3,2015-08-14T09:27:56Z
awesome-emacs,https://github.com/sefakilic/awesome-emacs,sefakilic,1,2,0,0,2014-12-20T22:04:49Z
awesome-emacs,https://github.com/tacticiankerala/awesome-emacs,tacticiankerala,1,7,0,0,2014-12-20T22:04:52Z
awesome-ember,https://github.com/nmec/awesome-ember,nmec,11,70,8,4,2015-08-11T18:36:51Z
awesome-electron,https://github.com/sindresorhus/awesome-electron,sindresorhus,114,1862,89,1,2015-08-14T15:12:45Z
awesome-elixir,https://github.com/h4cc/awesome-elixir,h4cc,124,1555,132,133,2015-08-14T09:54:50Z
awesome-endless-codeforall-list,https://github.com/RobTranquillo/awesome-endless-codeforall-list,RobTranquillo,2,2,0,0,2014-07-19T06:12:31Z
awesome-erlang,https://github.com/drobakowski/awesome-erlang,drobakowski,30,245,41,15,2015-08-14T12:25:30Z
awesome-events,https://github.com/planetruby/awesome-events,planetruby,18,130,46,0,2015-08-07T23:16:11Z
awesome-flask,https://github.com/humiaozuzu/awesome-flask,humiaozuzu,120,1304,164,3,2015-08-14T14:17:48Z
awesome-flexbox,https://github.com/afonsopacifer/awesome-flexbox,afonsopacifer,7,46,1,0,2015-08-11T19:13:48Z
awesome-fortran,https://github.com/rabbiabram/awesome-fortran,rabbiabram,7,31,10,2,2015-07-10T23:38:44Z
awesome-fp-js,https://github.com/stoeffel/awesome-fp-js,stoeffel,5,19,1,2,2015-08-09T02:52:56Z
awesome-github,https://github.com/fffaraz/awesome-github,fffaraz,9,44,10,2,2015-07-27T17:08:06Z
awesome-github,https://github.com/Kikobeats/awesome-github,Kikobeats,13,91,7,1,2015-08-11T17:41:27Z
awesome-github-repo,https://github.com/flyhigher139/awesome-github-repo,flyhigher139,63,405,97,0,2015-08-14T08:42:12Z
awesome-go,https://github.com/avelino/awesome-go,avelino,601,7892,813,34,2015-08-14T15:06:06Z
awesome-go-books,https://github.com/airballoon/awesome-go-books,heatroom,1,4,0,0,2014-11-19T07:19:34Z
awesome-grails,https://github.com/hitenpratap/awesome-grails,hitenpratap,1,0,1,0,2014-07-17T05:34:06Z
awesome-groovy,https://github.com/kdabir/awesome-groovy,kdabir,24,171,11,1,2015-08-13T00:31:56Z
awesome-hadoop,https://github.com/youngwookim/awesome-hadoop,youngwookim,40,181,52,0,2015-08-13T19:23:07Z
awesome-haskell,https://github.com/krispo/awesome-haskell,krispo,59,405,39,3,2015-08-14T14:51:12Z
awesome-hierarchical-matrices,https://github.com/gchavez2/awesome-hierarchical-matrices,gchavez2,2,0,0,0,2015-03-23T19:34:43Z
awesome-honeypots,https://github.com/paralax/awesome-honeypots,paralax,34,261,51,2,2015-08-12T15:48:51Z
awesome-html5,https://github.com/diegocard/awesome-html5,diegocard,44,299,22,0,2015-08-13T12:18:59Z
awesome-IoT-hybrid,https://github.com/weblancaster/awesome-hybrid,weblancaster,14,85,11,1,2015-08-10T19:34:32Z
awesome-influxdb,https://github.com/mark-rushakoff/awesome-influxdb,mark-rushakoff,6,22,2,0,2015-08-04T08:14:27Z
awesome-ios,https://github.com/vsouza/awesome-ios,vsouza,541,5870,913,2,2015-08-14T15:29:37Z
awesome-ios-ui,https://github.com/cjwirth/awesome-ios-ui,cjwirth,429,5959,579,6,2015-08-14T13:55:26Z
awesome-IoT,https://github.com/dharmeshkakadia/awesome-IoT,dharmeshkakadia,6,7,0,0,2015-05-27T02:42:09Z
awesome-java,https://github.com/akullpp/awesome-java,akullpp,480,3580,691,18,2015-08-14T15:13:50Z
awesome-javascript,https://github.com/sorrycc/awesome-javascript,sorrycc,293,3687,452,18,2015-08-14T14:58:16Z
awesome-javascript-books,https://github.com/airballoon/awesome-javascript-books,heatroom,11,44,5,0,2015-08-07T02:59:16Z
awesome-julia,https://github.com/melvin0008/awesome-julia,melvin0008,2,6,4,0,2015-08-05T17:46:38Z
awesome-knockout,https://github.com/dnbard/awesome-knockout,dnbard,2,30,1,4,2015-07-30T09:00:31Z
awesome-koans,https://github.com/ahmdrefat/awesome-koans,ahmdrefat,14,109,13,3,2015-08-10T01:33:26Z
awesome-laravel,https://github.com/chiraggude/awesome-laravel,chiraggude,177,1231,242,5,2015-08-14T09:53:07Z
awesome-laravel,https://github.com/TimothyDJones/awesome-laravel,TimothyDJones,21,79,15,2,2015-08-14T14:53:57Z
awesome-linguistics,https://github.com/sexybiggetje/awesome-linguistics,theimpossibleastronaut,7,16,2,0,2015-07-03T15:32:55Z
awesome-linuxaudio,https://github.com/nodiscc/awesome-linuxaudio,nodiscc,5,15,2,1,2015-08-05T01:47:14Z
awesome-logging,https://github.com/roundrobin/awesome-logging,roundrobin,1,2,0,0,2015-07-01T22:32:13Z
awesome-lua,https://github.com/forhappy/awesome-lua,forhappy,14,80,7,1,2015-08-13T14:02:50Z
awesome-lua,https://github.com/LewisJEllis/awesome-lua,LewisJEllis,52,591,51,2,2015-08-14T14:03:39Z
awesome-luvit,https://github.com/luvit/awesome-luvit,luvit,1,5,0,0,2015-05-13T19:06:08Z
awesome-machine-learning,https://github.com/josephmisiti/awesome-machine-learning,josephmisiti,798,6872,1423,2,2015-08-14T14:58:34Z
awesome-malware-analysis,https://github.com/rshipp/awesome-malware-analysis,rshipp,72,324,68,2,2015-08-13T04:30:57Z
awesome-meteor,https://github.com/gillesfabio/awesome-meteor,Urigo,13,142,21,2,2015-08-14T15:26:30Z
awesome-mesos,https://github.com/dharmeshkakadia/awesome-mesos,dharmeshkakadia,23,120,16,1,2015-08-14T15:14:32Z
awesome-mesos,https://github.com/parolkar/awesome-mesos,parolkar,2,1,1,0,2014-11-20T17:31:00Z
awesome-newsletters,https://github.com/vredniy/awesome-newsletters,vredniy,4,69,3,0,2015-08-14T08:50:02Z
awesome-nodejs,https://github.com/sindresorhus/awesome-nodejs,sindresorhus,565,7925,783,1,2015-08-14T13:38:13Z
awesome-nodejs,https://github.com/vndmtrx/awesome-nodejs,vndmtrx,60,692,87,0,2015-08-13T14:45:09Z
awesome-ntnu,https://github.com/michaelmcmillan/awesome-ntnu,michaelmcmillan,4,11,4,1,2015-05-04T20:27:21Z
awesome-objc-frameworks,https://github.com/XCGit/awesome-objc-frameworks,XCGit,6,38,15,0,2015-08-10T19:36:56Z
awesome-apple,https://github.com/joeljfischer/awesome-objc-swift,joeljfischer,32,432,63,2,2015-08-13T02:39:52Z
awesome-ocaml,https://github.com/rizo/awesome-ocaml,rizo,48,368,23,4,2015-08-10T04:39:03Z
awesome-open-science,https://github.com/silky/awesome-open-science,silky,2,18,3,0,2015-08-07T12:27:37Z
awesome-pcaptools,https://github.com/caesar0301/awesome-pcaptools,caesar0301,21,163,25,3,2015-08-13T13:27:16Z
awesome-pentest,https://github.com/enaqx/awesome-pentest,enaqx,102,448,150,0,2015-08-13T20:00:24Z
awesome-perl,https://github.com/hachiojipm/awesome-perl,hachiojipm,60,203,41,3,2015-08-14T14:50:12Z
awesome-persian,https://github.com/fffaraz/awesome-persian,fffaraz,6,18,3,1,2015-07-19T06:13:24Z
awesome-php,https://github.com/ziadoz/awesome-php,ziadoz,929,9064,1693,58,2015-08-14T15:08:13Z
awesome-pipeline,https://github.com/pditommaso/awesome-pipeline,pditommaso,8,39,8,1,2015-08-14T07:30:09Z
awesome-play1,https://github.com/PerfectCarl/awesome-play1,PerfectCarl,4,13,2,1,2015-06-27T10:42:57Z
awesome-ProductManager,https://github.com/hugo53/awesome-ProductManager,hugo53,7,25,3,0,2015-08-11T08:44:10Z
awesome-projects-boilerplates,https://github.com/melvin0008/awesome-projects-boilerplates,melvin0008,6,66,14,2,2015-08-13T17:55:35Z
awesome-puppet,https://github.com/olindata/awesome-puppet,olindata,6,7,3,0,2015-08-05T15:18:26Z
awesome-pyramid,https://github.com/ITCase/awesome-pyramid,ITCase,23,163,17,1,2015-08-13T23:21:50Z
awesome-python,https://github.com/kevmo/awesome-python,kevmo,1,1,0,0,2015-03-29T11:33:06Z
awesome-python,https://github.com/vinta/awesome-python,vinta,1486,13838,2276,132,2015-08-14T14:58:33Z
awesome-python-talks,https://github.com/jhermann/awesome-python-talks,jhermann,5,17,0,0,2015-07-30T20:07:38Z
awesome-public-datasets,https://github.com/caesar0301/awesome-public-datasets,caesar0301,376,5022,551,2,2015-08-14T14:56:06Z
awesome-qt,https://github.com/skhaz/awesome-qt,skhaz,1,0,1,0,2014-07-29T20:12:57Z
awesome-R,https://github.com/qinwf/awesome-R,qinwf,126,867,301,15,2015-08-14T14:33:50Z
awesome-radio,https://github.com/kyleterry/awesome-radio,kyleterry,5,64,9,0,2015-07-03T19:09:09Z
awesome-rails,https://github.com/dpaluy/awesome-rails,dpaluy,2,11,1,0,2015-07-30T09:56:54Z
awesome-rails,https://github.com/ekremkaraca/awesome-rails,ekremkaraca,64,533,51,2,2015-08-14T04:29:23Z
awesome-rails,https://github.com/ruby-vietnam/awesome-rails,ruby-vietnam,12,20,12,1,2015-05-20T16:12:33Z
awesome-react,https://github.com/enaqx/awesome-react,enaqx,460,8403,642,2,2015-08-14T14:25:18Z
awesome-recommender-system,https://github.com/Geek4IT/awesome-recommender-system,Geek4IT,2,1,0,0,2015-07-30T13:12:44Z
awesome-redux,https://github.com/xgrommx/awesome-redux,xgrommx,30,439,21,1,2015-08-14T14:06:43Z
awesome-regex,https://github.com/aloisdg/awesome-regex,aloisdg,11,42,2,8,2015-08-12T18:40:17Z
awesome-RemoteWork,https://github.com/hugo53/awesome-RemoteWork,hugo53,29,170,14,0,2015-08-11T09:19:55Z
awesome-ruby,https://github.com/markets/awesome-ruby,markets,310,4353,505,70,2015-08-14T12:04:55Z
awesome-ruby,https://github.com/Sdogruyol/awesome-ruby,Sdogruyol,77,703,70,0,2015-08-13T17:53:41Z
awesome-rust,https://github.com/kud1ing/awesome-rust,kud1ing,100,971,61,1,2015-08-14T11:12:22Z
awesome-sarl,https://github.com/sarl/awesome-sarl,sarl,4,1,3,0,2014-10-22T18:35:59Z
awesome-sass,https://github.com/HugoGiraudel/awesome-sass,HugoGiraudel,47,387,29,0,2015-08-13T15:13:47Z
awesome-scala,https://github.com/lauris/awesome-scala,lauris,311,2267,288,5,2015-08-14T12:04:15Z
awesome-security,https://github.com/sbilly/awesome-security,sbilly,28,172,16,0,2015-08-14T02:49:56Z
awesome-selenium,https://github.com/christian-bromann/awesome-selenium,christian-bromann,9,43,9,0,2015-08-04T08:35:03Z
awesome-selfhosted,https://github.com/Kickball/awesome-selfhosted,Kickball,154,3044,193,29,2015-08-14T15:04:51Z
awesome-services,https://github.com/indrasantosa/awesome-services,indrasantosa,2,2,1,0,2015-03-11T08:18:27Z
awesome-sharepoint,https://github.com/sergey-tihon/awesome-sharepoint,sergey-tihon,10,27,9,1,2015-08-06T11:39:37Z
awesome-SharePoint,https://github.com/siaf/awesome-SharePoint,siaf,2,0,0,0,2014-08-25T15:44:10Z
awesome-shell,https://github.com/alebcay/awesome-shell,alebcay,277,4986,372,2,2015-08-14T14:46:13Z
awesome-sheet-music,https://github.com/adius/awesome-sheet-music,adius,4,25,3,1,2015-07-20T16:37:02Z
awesome-sketch,https://github.com/diessica/awesome-sketch,diessica,16,294,17,2,2015-08-14T12:27:03Z
awesome-sphinxdoc,https://github.com/yoloseem/awesome-sphinxdoc,yoloseem,8,105,7,3,2015-08-05T18:43:44Z
awesome-sqlalchemy,https://github.com/dahlia/awesome-sqlalchemy,dahlia,50,870,54,2,2015-08-13T23:21:24Z
awesome-standard,https://github.com/feross/awesome-standard,feross,3,49,2,0,2015-08-14T09:29:19Z
awesome-stars,https://github.com/lichunqiang/awesome-stars,lichunqiang,5,17,7,1,2015-07-20T10:17:06Z
awesome-static-generators,https://github.com/myles/awesome-static-generators,myles,2,6,0,0,2015-07-27T17:09:21Z
awesome-styleguides,https://github.com/RichardLitt/awesome-styleguides,RichardLitt,20,203,28,3,2015-08-11T01:49:37Z
awesome-svg,https://github.com/willianjusten/awesome-svg,willianjusten,153,2591,210,9,2015-08-11T18:37:41Z
awesome-swift,https://github.com/matteocrippa/awesome-swift,matteocrippa,345,4105,506,4,2015-08-14T13:11:24Z
awesome-swift,https://github.com/Wolg/awesome-swift,Wolg,125,1267,117,16,2015-08-14T05:45:41Z
awesome-symfony2,https://github.com/EmanueleMinotto/awesome-symfony2,EmanueleMinotto,67,389,63,0,2015-08-13T14:34:27Z
awesome-sysadmin,https://github.com/kahun/awesome-sysadmin,kahun,770,9198,1322,136,2015-08-14T15:26:14Z
awesome-talks,https://github.com/JanVanRyswyck/awesome-talks,JanVanRyswyck,136,656,65,9,2015-08-13T19:51:59Z
awesome-umbraco,https://github.com/leekelleher/awesome-umbraco,leekelleher,7,27,3,0,2015-08-05T13:40:00Z
awesome-unity,https://github.com/RyanNielson/awesome-unity,RyanNielson,67,307,47,0,2015-08-14T15:14:44Z
awesome-vagrant,https://github.com/iJackUA/awesome-vagrant,iJackUA,17,90,3,0,2015-08-14T14:35:12Z
awesome-vim,https://github.com/akrawchyk/awesome-vim,akrawchyk,10,76,10,0,2015-08-13T04:28:21Z
awesome-vim,https://github.com/matteocrippa/awesome-vim,matteocrippa,9,41,7,4,2015-08-12T11:46:03Z
awesome-webcomponents,https://github.com/obetomuniz/awesome-webcomponents,obetomuniz,5,49,5,0,2015-08-05T21:29:34Z
awesome-web-scraping,https://github.com/lorien/awesome-web-scraping,lorien,3,4,1,0,2015-08-14T11:24:54Z
awesome-webservice,https://github.com/wapmorgan/awesome-webservice,wapmorgan,6,9,0,0,2015-03-11T08:18:19Z
awesome-weekly,https://github.com/jondot/awesome-weekly,jondot,13,71,12,8,2015-08-09T14:23:23Z
awesome-wikipedia,https://github.com/emijrp/awesome-wikipedia,emijrp,4,15,3,0,2015-07-03T14:27:58Z
awesome-wordpress,https://github.com/dropndot/awesome-wordpress,dropndot,1,9,1,0,2015-06-08T10:13:02Z
awesome-wordpress,https://github.com/endel/awesome-wordpress,endel,1,4,1,0,2015-06-08T06:35:22Z
awesome-wordpress,https://github.com/miziomon/awesome-wordpress,miziomon,7,29,3,0,2015-08-03T08:57:12Z
awesome-workshopper,https://github.com/therebelrobot/awesome-workshopper,therebelrobot,6,34,3,1,2015-08-12T23:47:33Z
awesome-wpo,https://github.com/davidsonfellipe/awesome-wpo,davidsonfellipe,348,5036,372,2,2015-08-14T12:04:46Z
awesome-yamada,https://github.com/supermomonga/awesome-yamada,supermomonga,1,3,3,0,2014-07-15T04:05:39Z
awesome-yii,https://github.com/iJackUA/awesome-yii,iJackUA,36,147,25,1,2015-08-03T22:04:12Z
awesome-yii-1,https://github.com/wapmorgan/awesome-yii-1,wapmorgan,3,2,0,0,2014-12-16T01:38:06Z
awesome-zsh-plugins,https://github.com/unixorn/awesome-zsh-plugins,unixorn,55,638,32,0,2015-08-14T11:44:23Z
awesome,https://github.com/sindresorhus/awesome,sindresorhus,1196,15537,1624,5,2015-08-14T15:29:08Z
awesome-all,https://github.com/bradoyler/awesome-all,bradoyler,9,40,10,2,2015-08-06T04:21:32Z
awesome-android-awesomeness,https://github.com/yongjhih/awesome-android-awesomeness#awesomeness,yongjhih,1,20,2,0,2015-08-02T20:40:10Z
awesome-awesome,https://github.com/emijrp/awesome-awesome,emijrp,28,345,38,0,2015-08-14T02:59:56Z
awesome-awesome,https://github.com/erichs/awesome-awesome,erichs,9,30,14,1,2015-08-06T04:21:45Z
awesome-awesome,https://github.com/oyvindrobertsen/awesome-awesome,oyvindrobertsen,8,30,5,0,2015-08-06T04:21:57Z
awesome-awesomeness,https://github.com/bayandin/awesome-awesomeness,bayandin,1210,13475,1496,40,2015-08-14T15:07:12Z
awesome-awesomeness-zh_CN,https://github.com/justjavac/awesome-awesomeness-zh_CN,justjavac,98,540,174,2,2015-08-14T03:12:58Z
awesome-awesomes,https://github.com/fleveque/awesome-awesomes,fleveque,33,276,27,4,2015-08-14T09:11:55Z
awesome-collection,https://github.com/flyhigher139/awesome-collection,flyhigher139,3,57,13,0,2015-07-23T17:58:50Z
ListOfGithubLists,https://github.com/asciimoo/ListOfGithubLists,asciimoo,12,208,13,0,2015-08-14T13:06:27Z
list-of-lists,https://github.com/cyrusstoller/list-of-lists,cyrusstoller,2,9,0,0,2015-06-21T18:23:08Z
must-watch-list,https://github.com/adrianmoisey/must-watch-list,adrianmoisey,4,11,0,0,2015-07-23T09:34:49Z
wiki,https://github.com/huguangju/wiki,huguangju,7,16,8,0,2015-07-30T11:56:39Z
awesome-awesome-awesome,https://github.com/t3chnoboy/awesome-awesome-awesome,t3chnoboy,34,374,26,0,2015-08-14T09:20:46Z
awesomecubed,https://github.com/hunterboerner/awesomecubed,hunterboerner,1,3,0,0,2015-07-27T17:12:40Z
lologl,https://github.com/yaph/lologl,yaph,5,61,2,0,2015-08-05T14:17:50Z
meta-awesome,https://github.com/PatrickMcDonald/meta-awesome,PatrickMcDonald,1,8,1,0,2015-07-27T17:12:24Z
awesome-awesome-awesome-awesome,https://github.com/sindresorhus/awesome-awesome-awesome-awesome,sindresorhus,4,22,1,0,2015-07-27T17:12:43Z
awesome-power-of-5,https://github.com/therebelrobot/awesome-power-of-5,therebelbeta,0,6,0,0,2015-07-27T17:12:53Z
