name,url,author,num_watch,num_stars,num_forks,num_open_issues,last_updated,last_push
aksh,https://github.com/svaksha/aksh,svaksha,3,11,0,0,2016-12-17T23:20:47Z,2016-12-18T10:41:19Z
amas,https://github.com/sindresorhus/amas,sindresorhus,40,692,140,0,2016-12-18T13:38:41Z,2016-12-18T11:40:26Z
Annual-Reading-List,https://github.com/davidskeck/Annual-Reading-List,davidskeck,8,29,4,0,2016-08-16T23:21:41Z,2016-04-03T00:31:21Z
awesome-belarus-online,https://github.com/Friz-zy/awesome-belarus-online,Friz-zy,6,16,4,1,2016-11-13T16:25:42Z,2016-12-19T17:45:42Z
awesome-biology,https://github.com/vivekiitkgp/awesome-biology,vivekiitkgp,9,27,8,2,2016-12-17T21:33:53Z,2016-11-05T03:40:50Z
awesome-fantasy,https://github.com/RichardLitt/awesome-fantasy,RichardLitt,13,197,17,0,2016-12-15T14:02:49Z,2016-11-16T10:56:54Z
awesome-gif,https://github.com/Kikobeats/awesome-gif,Kikobeats,4,51,3,0,2016-09-24T03:20:07Z,2015-08-18T08:41:53Z
awesome-glasgow,https://github.com/allyjweir/awesome-glasgow,allyjweir,1,2,0,0,2016-08-20T18:44:35Z,2014-09-03T22:57:16Z
awesome-hacking-spots,https://github.com/diasdavid/awesome-hacking-spots,diasdavid,25,397,62,7,2016-12-19T09:39:34Z,2016-11-28T12:03:18Z
awesome-health,https://github.com/prabhic/awesome-health,prabhic,4,13,0,0,2016-11-24T05:15:26Z,2015-06-25T09:44:16Z
awesome-images,https://github.com/heyalexej/awesome-images,heyalexej,96,1302,161,22,2016-12-19T13:06:18Z,2016-09-21T20:38:30Z
awesome-kimchi,https://github.com/jeyraof/awesome-kimchi,jeyraof,1,31,3,0,2016-10-12T22:30:43Z,2014-10-28T06:28:27Z
awesome-motion-planning,https://github.com/AGV-IIT-KGP/awesome-motion-planning,AGV-IIT-KGP,34,22,8,1,2016-12-03T17:48:21Z,2015-07-31T19:17:17Z
awesome-scifi,https://github.com/sindresorhus/awesome-scifi,sindresorhus,76,1208,99,8,2016-12-18T04:11:55Z,2016-11-21T22:15:06Z
awesome-stock-resources,https://github.com/neutraltone/awesome-stock-resources,neutraltone,222,5605,287,13,2016-12-19T15:38:39Z,2016-12-14T15:29:37Z
awesome-webcomics,https://github.com/dhamaniasad/awesome-webcomics,dhamaniasad,3,16,3,0,2016-11-08T18:16:51Z,2015-10-15T19:30:33Z
baby-sleep,https://github.com/babyguides/baby-sleep,simple10,1,5,1,0,2016-09-24T17:33:31Z,2014-10-19T04:08:07Z
cocktails,https://github.com/balevine/cocktails,balevine,7,50,15,3,2016-11-24T12:44:04Z,2016-10-20T11:41:51Z
corporate-logos,https://github.com/marketreef/corporate-logos,marketreef,1,13,0,0,2016-07-12T08:15:38Z,2013-04-30T22:31:07Z
creative-commons-media,https://github.com/shime/creative-commons-media,shime,15,147,11,0,2016-12-13T08:01:36Z,2016-09-16T10:53:58Z
dissertation-tips,https://github.com/katychuang/dissertation-tips,katychuang,2,13,1,0,2016-12-06T04:33:24Z,2016-12-06T04:33:23Z
diversity-index,https://github.com/svaksha/diversity-index,svaksha,11,41,12,0,2016-12-11T11:38:01Z,2016-04-06T08:05:44Z
endangered-languages,https://github.com/RichardLitt/endangered-languages,RichardLitt,22,110,29,23,2016-11-30T17:13:21Z,2016-10-23T18:09:14Z
food-recipes,https://github.com/obfuscurity/food-recipes,obfuscurity,1,27,7,1,2016-11-14T11:58:59Z,2015-05-11T00:18:46Z
list-of-frequent-transit-maps,https://github.com/wwcline/list-of-frequent-transit-maps,wwcline,1,0,0,0,2016-11-05T04:05:57Z,2016-11-17T22:24:50Z
reading-list,https://github.com/isaacs/reading-list,isaacs,3,95,1,4,2016-11-14T16:16:09Z,2015-12-24T21:06:44Z
lawrence-veggie,https://github.com/codysoyland/lawrence-veggie,codysoyland,2,7,0,0,2016-07-14T01:51:49Z,2010-05-09T04:31:51Z
lawyersongithub,https://github.com/dpp/lawyersongithub,dpp,26,51,98,39,2016-11-30T16:20:46Z,2016-12-16T21:01:23Z
mining-resources,https://github.com/Mining-Resources/mining-resources,Mining-Resources,2,2,0,0,2016-04-20T01:37:17Z,2016-10-20T00:19:58Z
no-free-basics,https://github.com/net-neutrality/no-free-basics,net-neutrality,1,10,2,0,2016-01-20T03:53:35Z,2016-01-20T03:53:58Z
PublicMedia,https://github.com/melodykramer/PublicMedia,melodykramer,17,30,32,6,2016-10-14T17:40:48Z,2015-07-28T12:47:45Z
recipes,https://github.com/bzimmerman/recipes,bzimmerman,1,3,14,1,2015-08-14T14:53:07Z,2015-08-17T13:59:23Z
recipes,https://github.com/csswizardry/recipes,csswizardry,1,35,3,1,2015-11-04T13:46:18Z,2014-07-19T15:17:13Z
recipes,https://github.com/csclug/recipes,csclug,6,5,7,1,2014-09-09T04:13:03Z,2014-01-09T16:27:25Z
recipes,https://github.com/LarryMad/recipes,LarryMad,7,36,14444,1187,2016-12-14T14:15:39Z,2016-12-19T11:43:02Z
recipes,https://github.com/schacon/recipes,schacon,1,14,32,0,2013-12-23T12:22:15Z,2011-08-18T18:50:48Z
recipes,https://github.com/silizuo/recipes,silizuo,1,1,0,0,2016-01-20T13:07:24Z,2016-01-20T13:12:04Z
shelfies,https://github.com/kyro/shelfies,kyro,10,29,3,0,2016-11-22T12:41:23Z,2014-10-20T14:57:50Z
SiliconValleyThingsToDo,https://github.com/cjbarber/SiliconValleyThingsToDo,cjbarber,6,179,4,0,2016-11-29T09:22:12Z,2014-11-14T17:59:55Z
soylent,https://github.com/zda/soylent,zda,42,241,52,2,2016-11-10T01:29:43Z,2016-06-16T17:11:57Z
sf-vegetarian-restaurants,https://github.com/mojombo/sf-vegetarian-restaurants,mojombo,3,144,38,0,2016-09-25T18:15:03Z,2011-07-13T23:52:48Z
teesites,https://github.com/elder-cb/teesites,elder-cb,5,27,11,0,2016-11-22T12:41:24Z,2015-08-24T13:28:05Z
tacofancy,https://github.com/sinker/tacofancy,sinker,84,1003,339,11,2016-12-16T16:27:13Z,2016-10-28T11:29:30Z
101,https://github.com/ojas/101,ojas,2,35,4,0,2016-11-22T12:41:25Z,2015-08-06T17:53:32Z
10PL,https://github.com/nuprl/10PL,nuprl,42,482,15,3,2016-12-19T22:27:56Z,2016-01-04T15:37:08Z
admesh-projects,https://github.com/admesh/admesh-projects,admesh,2,1,0,0,2016-01-25T17:11:07Z,2016-01-25T17:11:06Z
AI-reading-list,https://github.com/m0nologuer/AI-reading-list,m0nologuer,9,53,10,1,2016-12-19T07:19:49Z,2015-11-30T11:51:55Z
algovis,https://github.com/enjalot/algovis,enjalot,54,603,53,5,2016-12-19T17:24:12Z,2016-01-31T06:18:05Z
alternative-internet,https://github.com/redecentralize/alternative-internet,redecentralize,268,2726,321,29,2016-12-17T04:54:39Z,2016-12-02T12:14:37Z
android-awesome-libraries,https://github.com/kaiinui/android-awesome-libraries,kaiinui,5,88,17,1,2016-12-12T10:44:50Z,2016-02-15T04:07:28Z
AndroidDevTools,https://github.com/inferjay/AndroidDevTools,inferjay,679,4850,1796,2,2016-12-19T13:51:20Z,2016-12-18T16:53:50Z
android-dev-readme,https://github.com/anirudh24seven/android-dev-readme,anirudh24seven,40,466,58,0,2016-12-07T10:49:58Z,2015-05-01T10:12:33Z
android-jobs,https://github.com/android-cn/android-jobs,android-cn,517,1657,597,2,2016-12-17T15:16:05Z,2016-12-02T13:01:01Z
Android-Learning-Resources,https://github.com/zhujun2730/Android-Learning-Resources,zhujun2730,54,517,200,1,2016-12-09T05:36:56Z,2016-12-02T06:16:36Z
android-open-project,https://github.com/Trinea/android-open-project,Trinea,3535,20530,10612,8,2016-12-19T17:17:20Z,2016-12-15T18:24:06Z
android-security-awesome,https://github.com/ashishb/android-security-awesome,ashishb,162,1467,371,3,2016-12-19T03:36:40Z,2016-12-05T07:49:59Z
android-tech-frontier,https://github.com/bboyfeiyu/android-tech-frontier,hehonghui,1045,7200,2694,29,2016-12-19T15:38:48Z,2016-11-25T06:38:33Z
angular-education,https://github.com/timjacobi/angular-education,timjacobi,57,660,77,1,2016-12-17T21:04:44Z,2016-05-18T20:42:45Z
angular2-education,https://github.com/timjacobi/angular2-education,timjacobi,495,4761,752,6,2016-12-19T21:43:17Z,2016-12-19T18:57:13Z
angularjs-fellows,https://github.com/01010000101001100/angularjs-fellows,01010000101001100,1,6,7,0,2016-07-02T05:52:11Z,2014-01-21T06:46:53Z
AngularJS-Learning,https://github.com/jmcunningham/AngularJS-Learning,jmcunningham,964,10632,2272,11,2016-12-19T15:58:35Z,2016-10-27T20:15:25Z
AngularJS2-Learning,https://github.com/jmcunningham/AngularJS2-Learning,jmcunningham,101,487,102,0,2016-12-18T23:43:47Z,2016-10-28T20:44:59Z
ansible-gentoo-roles,https://github.com/jirutka/ansible-gentoo-roles,jirutka,1,6,1,0,2016-03-22T00:08:02Z,2016-03-02T20:30:29Z
app-launch-guide,https://github.com/adamwulf/app-launch-guide,adamwulf,185,3479,200,8,2016-12-19T02:28:07Z,2016-05-20T00:04:39Z
APTnotes,https://github.com/kbandla/APTnotes,kbandla,513,1384,476,4,2016-12-19T22:42:21Z,2016-05-20T02:55:30Z
asynchronous-php,https://github.com/elazar/asynchronous-php,elazar,42,530,37,2,2016-12-18T20:55:48Z,2016-10-31T16:49:52Z
Automated-SPA-Testing,https://github.com/webpro/Automated-SPA-Testing,webpro,7,98,5,1,2016-11-13T17:30:04Z,2016-11-12T05:20:26Z
awesomelinks,https://github.com/richardbenjamin/awesomelinks,richardbenjamin,1,9,4,1,2016-11-13T16:30:41Z,2016-11-02T15:27:15Z
Backpack,https://github.com/sevab/Backpack,sevab,2,8,2,0,2016-01-12T17:03:43Z,2016-04-21T13:18:49Z
badass-dev-resources,https://github.com/sodevious/badass-dev-resources,sodevious,1,5,0,2,2016-03-24T21:19:45Z,2014-10-03T19:55:00Z
bangalore-startups,https://github.com/hemanth/bangalore-startups,hemanth,3,15,3,1,2016-11-01T05:41:11Z,2016-11-25T00:49:31Z
beautiful-docs,https://github.com/PharkMillups/beautiful-docs,PharkMillups,165,3186,246,3,2016-12-19T17:21:59Z,2016-12-12T22:41:01Z
BEM-resources,https://github.com/sturobson/BEM-resources,sturobson,20,278,10,1,2016-12-16T15:34:50Z,2016-07-11T14:28:12Z
best-of-awesomeness-and-usefulness-for-webdev,https://github.com/Pestov/best-of-awesomeness-and-usefulness-for-webdev,Pestov,39,315,34,2,2016-12-09T18:45:57Z,2015-02-20T14:46:31Z
Best-App,https://github.com/hzlzh/Best-App,hzlzh,1066,7914,1246,18,2016-12-19T14:33:05Z,2016-11-23T10:58:40Z
bigdata-ecosystem,https://github.com/zenkay/bigdata-ecosystem,zenkay,88,334,91,2,2016-12-19T13:39:45Z,2016-11-02T12:26:39Z
big-list-of-naughty-strings,https://github.com/minimaxir/big-list-of-naughty-strings,minimaxir,356,12168,513,19,2016-12-19T23:11:40Z,2016-12-19T14:27:32Z
bioinformatics-compbio-tools,https://github.com/lancelafontaine/bioinformatics-compbio-tools,lancelafontaine,2,25,4,0,2016-07-06T01:48:29Z,2015-04-29T23:36:03Z
bitcoin-reading-list,https://github.com/jashmenn/bitcoin-reading-list,jashmenn,62,367,103,5,2016-12-18T15:42:26Z,2016-05-09T00:51:32Z
bookmarklets,https://github.com/RadLikeWhoa/bookmarklets,RadLikeWhoa,4,32,6,0,2016-11-22T12:41:29Z,2015-06-01T07:13:41Z
bookshelf,https://github.com/OpenTechSchool/bookshelf,OpenTechSchool,10,23,23,6,2016-12-08T20:07:12Z,2016-12-03T14:04:26Z
breakfast-repo,https://github.com/ashleygwilliams/breakfast-repo,ashleygwilliams,64,349,4,71,2016-12-14T00:00:23Z,2016-06-23T12:38:23Z
browser-javascript-resource,https://github.com/azu/browser-javascript-resource,azu,21,93,2,0,2016-11-25T01:57:58Z,2016-09-22T00:28:07Z
channels,https://github.com/forwebdev/channels,andrew--r,290,2715,292,1,2016-12-19T23:24:49Z,2016-12-13T10:05:04Z
classics,https://github.com/eyy/classics,eyy,1,1,0,0,2016-03-26T16:00:09Z,2016-05-11T16:45:19Z
cloud-conferences,https://github.com/stefan-kolb/cloud-conferences,stefan-kolb,2,6,2,1,2016-12-14T11:34:46Z,2016-12-19T14:32:26Z
codeface,https://github.com/chrissimpkins/codeface,chrissimpkins,154,3669,282,21,2016-12-19T11:35:47Z,2016-11-12T07:07:32Z
compilers-targeting-c,https://github.com/dbohdan/compilers-targeting-c,dbohdan,18,151,15,1,2016-11-22T12:41:32Z,2016-05-17T08:38:27Z
computer-science,https://github.com/open-source-society/computer-science,open-source-society,1558,18641,2287,1,2016-12-19T23:44:12Z,2016-11-15T20:47:09Z
content-management-systems,https://github.com/ahadb/content-management-systems,ahadb,1,13,4,0,2016-11-13T16:23:06Z,2014-08-06T07:04:58Z
Continuous-Integration-services,https://github.com/ligurio/Continuous-Integration-services,ligurio,15,244,43,3,2016-12-16T20:14:59Z,2016-11-14T20:55:54Z
critical-path-css-tools,https://github.com/addyosmani/critical-path-css-tools,addyosmani,49,695,26,4,2016-12-19T22:03:39Z,2016-02-26T23:30:54Z
crypto-might-not-suck,https://github.com/sweis/crypto-might-not-suck,sweis,24,270,11,1,2016-12-19T00:59:43Z,2016-10-26T15:58:38Z
cscs,https://github.com/SalGnt/cscs,SalGnt,108,1426,182,7,2016-12-14T21:33:52Z,2016-06-11T14:26:11Z
css-in-js,https://github.com/MicheleBertoli/css-in-js,MicheleBertoli,48,1527,60,4,2016-12-19T21:40:42Z,2016-12-13T07:41:58Z
css-resources,https://github.com/hr-14-15/css-resources,hr-14-15,13,7,3,0,2016-06-18T03:30:15Z,2014-06-30T14:53:39Z
curated-list-espresso-sugar-plugins,https://github.com/GioSensation/curated-list-espresso-sugar-plugins,GioSensation,5,8,0,0,2015-11-18T09:28:55Z,2014-08-20T18:56:46Z
Curated-List-of-Awesomeness,https://github.com/JayBizzle/Curated-List-of-Awesomeness,JayBizzle,2,10,0,0,2016-06-18T03:30:18Z,2014-08-15T09:34:28Z
curated-programming-resources,https://github.com/Michael0x2a/curated-programming-resources,Michael0x2a,47,429,69,10,2016-12-19T20:00:08Z,2016-11-24T13:44:36Z
cycle-ecosystem,https://github.com/Widdershin/cycle-ecosystem,Widdershin,8,66,3,4,2016-12-12T07:04:55Z,2016-12-19T10:30:51Z
dad-jokes,https://github.com/wesbos/dad-jokes,wesbos,4,50,3,0,2016-12-16T15:05:26Z,2014-08-19T15:09:34Z
datajournalists-toolbox,https://github.com/basilesimon/datajournalists-toolbox,basilesimon,4,23,4,0,2016-06-07T06:00:59Z,2015-05-14T13:28:54Z
data-science-blogs,https://github.com/rushter/data-science-blogs,rushter,283,2956,501,2,2016-12-19T21:15:20Z,2016-12-09T11:21:16Z
data-must-watch,https://github.com/kmonsoor/data-must-watch,kmonsoor,9,24,2,1,2016-12-13T23:56:09Z,2015-11-30T23:04:02Z
go,https://github.com/datasciencemasters/go,datasciencemasters,1003,6767,3337,41,2016-12-19T20:40:28Z,2016-12-06T03:26:08Z
DataSciencePython,https://github.com/ujjwalkarn/DataSciencePython,ujjwalkarn,179,2214,459,0,2016-12-19T02:01:04Z,2016-11-06T14:20:35Z
debugging-stories,https://github.com/danluu/debugging-stories,danluu,145,1851,80,7,2016-12-19T22:21:55Z,2016-11-13T21:22:06Z
Developer-Conferences,https://github.com/MurtzaM/Developer-Conferences,MurtzaM,37,93,21,7,2016-12-07T17:20:55Z,2016-10-25T00:20:53Z
devopsbookmarks.com,https://github.com/devopsbookmarks/devopsbookmarks.com,devopsbookmarks,39,400,146,21,2016-12-19T05:15:03Z,2016-12-19T08:09:25Z
devops_resources,https://github.com/dustinmm80/devops_resources,dustinmm80,10,37,7,0,2016-11-21T01:05:20Z,2015-11-18T00:56:41Z
DevopsWiki,https://github.com/Leo-G/DevopsWiki,Leo-G,287,3010,312,12,2016-12-19T11:53:58Z,2016-12-08T10:45:11Z
dev-resource,https://github.com/Ibrahim-Islam/dev-resource,Ibrahim-Islam,6,17,6,0,2016-11-09T01:06:49Z,2016-11-08T11:24:24Z
awesome-blockchain,https://github.com/cyberFund/digest.cyber.fund,cyberFund,21,44,11,2,2016-12-14T14:27:43Z,2016-01-18T18:56:53Z
discount-for-student-dev,https://github.com/najela/discount-for-student-dev,AchoArnold,55,557,63,0,2016-12-19T22:12:21Z,2016-12-13T22:55:52Z
django-must-watch,https://github.com/rosarior/django-must-watch,rosarior,46,496,38,0,2016-11-22T12:41:44Z,2015-08-10T23:15:11Z
DL4NLP,https://github.com/andrewt3000/DL4NLP,andrewt3000,148,1202,231,0,2016-12-19T07:01:27Z,2016-12-15T02:55:35Z
easy-application,https://github.com/j-delaney/easy-application,j-delaney,155,3083,336,2,2016-12-19T23:41:33Z,2016-12-14T20:03:12Z
list,https://github.com/ember-links/list,ember-links,16,143,14,0,2016-11-22T12:48:04Z,2016-05-06T08:45:51Z
engine.so,https://github.com/pmwkaa/engine.so,pmwkaa,11,65,3,0,2016-12-16T15:16:48Z,2016-10-14T09:59:08Z
erlang-bookmarks,https://github.com/0xAX/erlang-bookmarks,0xAX,134,946,178,0,2016-12-15T23:15:17Z,2015-10-12T07:19:37Z
erlang-watchlist,https://github.com/gabrielelana/erlang-watchlist,gabrielelana,3,5,0,1,2016-02-11T23:49:02Z,2015-02-10T07:08:00Z
ES6-Learning,https://github.com/ericdouglas/ES6-Learning,ericdouglas,256,3371,407,0,2016-12-19T15:07:08Z,2016-12-04T20:35:52Z
es6-tools,https://github.com/addyosmani/es6-tools,addyosmani,205,3274,205,8,2016-12-19T22:23:28Z,2016-09-29T15:06:10Z
essential-javascript-links,https://github.com/ericelliott/essential-javascript-links,ericelliott,628,7937,662,7,2016-12-19T23:58:54Z,2016-12-14T21:42:48Z
Facets,https://github.com/O-I/Facets,O-I,1,8,0,0,2016-11-11T22:56:07Z,2015-10-19T02:52:48Z
fks,https://github.com/JacksonTian/fks,JacksonTian,1319,8992,3442,6,2016-12-19T20:09:44Z,2016-11-11T16:53:11Z
flat-file-cms,https://github.com/ahadb/flat-file-cms,ahadb,42,372,65,10,2016-12-19T22:25:08Z,2016-12-19T20:39:58Z
free-for-dev,https://github.com/ripienaar/free-for-dev,ripienaar,841,14406,1448,15,2016-12-19T22:43:59Z,2016-12-18T18:16:23Z
free-programming-books,https://github.com/vhf/free-programming-books,vhf,5195,72115,17739,47,2016-12-19T23:26:20Z,2016-12-19T13:47:04Z
free-programming-books-zh_CN,https://github.com/justjavac/free-programming-books-zh_CN,justjavac,2410,15606,6422,74,2016-12-19T19:07:54Z,2016-12-19T03:20:32Z
free-software-testing-books,https://github.com/ligurio/free-software-testing-books,ligurio,117,591,175,0,2016-12-18T15:15:40Z,2016-11-22T13:27:45Z
Fresh-Node.js-Library-Collection,https://github.com/selfrefactor/Fresh-Node.js-Library-Collection,selfrefactor,4,18,0,0,2016-10-15T01:32:06Z,2015-09-22T21:43:12Z
frontdesk,https://github.com/miripiruni/frontdesk,miripiruni,150,1543,232,2,2016-12-18T14:59:33Z,2016-12-01T16:43:09Z
Front-end-Developer-Interview-Questions,https://github.com/h5bp/Front-end-Developer-Interview-Questions,h5bp,1942,24890,4956,38,2016-12-19T20:36:17Z,2016-12-05T22:48:21Z
Front-end-Web-Development-Interview-Question,https://github.com/paddingme/Front-end-Web-Development-Interview-Question,paddingme,123,946,346,2,2016-12-18T13:59:24Z,2016-11-22T13:23:37Z
front-end-stuff,https://github.com/somecallmejosh/front-end-stuff,somecallmejosh,3,15,3,0,2016-12-09T18:14:50Z,2016-12-09T12:59:31Z
frontend-dev-bookmarks,https://github.com/dypsilon/frontend-dev-bookmarks,dypsilon,1885,20595,3615,93,2016-12-19T23:29:39Z,2016-10-07T11:35:53Z
frontend-dev-resources,https://github.com/dmytroyarmak/frontend-dev-resources,dmytroyarmak,43,569,56,0,2016-12-12T14:59:23Z,2016-12-12T15:36:15Z
frontend-resources,https://github.com/JonathanZWhite/frontend-resources,JonathanZWhite,11,66,22,0,2016-12-14T21:43:20Z,2016-11-15T15:28:13Z
frontend-resources,https://github.com/zedix/frontend-resources,zedix,2,8,0,0,2016-10-22T13:55:34Z,2014-09-08T15:37:18Z
frontend-stuff,https://github.com/moklick/frontend-stuff,moklick,440,7668,624,2,2016-12-19T08:38:59Z,2016-12-14T13:17:17Z
frontend-tools,https://github.com/codylindley/frontend-tools,codylindley,303,2398,617,12,2016-12-17T08:49:38Z,2015-10-13T18:31:13Z
games,https://github.com/leereilly/games,leereilly,518,7536,878,144,2016-12-19T20:13:24Z,2016-12-12T22:32:16Z
generative-txt,https://github.com/inconvergent/generative-txt,inconvergent,12,74,3,0,2016-11-21T19:02:36Z,2015-11-29T13:21:23Z
github-cheat-sheet,https://github.com/tiimgreen/github-cheat-sheet,tiimgreen,1061,20589,2747,10,2016-12-19T18:31:28Z,2016-10-22T11:14:52Z
github-drama,https://github.com/nikolas/github-drama,nikolas,35,192,14,7,2016-12-19T23:34:52Z,2016-12-14T18:20:11Z
github,https://github.com/halls-of-fame/github,halls-of-fame,44,447,27,7,2016-11-07T15:37:37Z,2016-03-25T18:22:23Z
go-is-not-good,https://github.com/ksimka/go-is-not-good,ksimka,49,715,23,4,2016-12-19T16:36:49Z,2016-07-12T09:02:18Z
go-must-watch,https://github.com/sauravtom/go-must-watch,sauravtom,2,17,0,1,2016-12-03T21:15:41Z,2015-03-07T02:08:42Z
GoBooks,https://github.com/dariubs/GoBooks,dariubs,268,2751,333,0,2016-12-19T19:35:46Z,2016-11-08T03:14:40Z
graphics-resources,https://github.com/mattdesl/graphics-resources,mattdesl,86,921,68,1,2016-12-19T02:40:00Z,2016-10-14T07:50:00Z
guides,https://github.com/taniarascia/guides,taniarascia,12,69,7,0,2016-12-08T09:35:36Z,2016-11-23T16:07:41Z
hackathon_resources,https://github.com/myearwood/hackathon_resources,myearwood,2,15,5,1,2016-12-13T15:33:40Z,2016-10-30T02:06:16Z
Hackathon-Resources,https://github.com/xasos/Hackathon-Resources,xasos,7,157,43,2,2016-12-12T16:58:54Z,2016-09-30T18:13:55Z
haskell-must-watch,https://github.com/olehkuchuk/haskell-must-watch,hzlmn,64,638,41,0,2016-12-17T12:58:53Z,2015-09-15T17:00:28Z
HeadlessBrowsers,https://github.com/dhamaniasad/HeadlessBrowsers,dhamaniasad,84,2659,129,7,2016-12-19T18:58:46Z,2016-12-08T16:42:32Z
hipchat-alternatives,https://github.com/cjbarber/hipchat-alternatives,cjbarber,22,226,35,6,2016-11-30T09:07:50Z,2016-10-19T06:36:39Z
idaplugins-list,https://github.com/onethawt/idaplugins-list,onethawt,96,520,123,2,2016-12-19T06:59:07Z,2016-12-10T23:33:28Z
ideas,https://github.com/samsquire/ideas,samsquire,271,2436,206,5,2016-12-15T06:39:32Z,2016-08-25T15:52:33Z
Inspire,https://github.com/noahbuscher/Inspire,noahbuscher,39,441,28,1,2016-12-10T12:15:29Z,2015-12-09T21:39:33Z
InterviewThis,https://github.com/ChiperSoft/InterviewThis,ChiperSoft,66,1267,121,0,2016-12-19T23:09:18Z,2016-11-18T00:12:43Z
ios-awesome-libraries,https://github.com/kaiinui/ios-awesome-libraries,kaiinui,1,1,0,0,2015-08-14T14:23:14Z,2014-11-04T21:16:00Z
iOSDevResource,https://github.com/objcc/iOSDevResource,OBJCC,5,10,5,0,2016-07-28T10:17:46Z,2014-09-21T14:02:14Z
iOS-Developer-and-Designer-Interview-Questions,https://github.com/CameronBanga/iOS-Developer-and-Designer-Interview-Questions,9magnets,85,1206,146,0,2016-12-18T01:37:04Z,2015-10-07T15:03:13Z
javascript-patterns,https://github.com/shichuan/javascript-patterns,shichuan,564,7885,1540,61,2016-12-19T17:40:38Z,2016-12-11T16:52:20Z
javascript-resources,https://github.com/ztsu/javascript-resources,redupsky,1,5,0,0,2016-06-18T09:39:39Z,2016-01-13T05:11:55Z
javascript-sdk-design,https://github.com/huei90/javascript-sdk-design,huei90,25,296,38,6,2016-12-19T08:29:31Z,2016-10-23T08:24:45Z
jsemu,https://github.com/fcambus/jsemu,fcambus,48,716,51,1,2016-12-17T05:50:31Z,2016-11-27T17:38:32Z
jslibs,https://github.com/epeli/jslibs,epeli,3,48,3,0,2016-12-14T11:30:06Z,2015-06-26T07:59:51Z
js-must-watch,https://github.com/bolshchikov/js-must-watch,bolshchikov,1018,10987,767,16,2016-12-19T09:14:11Z,2016-10-22T16:15:27Z
jsonauts.github.com,https://github.com/jsonauts/jsonauts.github.com,jsonauts,1,11,1,1,2016-06-18T03:42:42Z,2013-10-29T13:52:09Z
jstools,https://github.com/codefellows/jstools,codefellows,29,192,36,8,2016-11-24T09:52:40Z,2014-04-07T04:20:30Z
js-type-master,https://github.com/yumyo/js-type-master,yumyo,5,76,9,0,2016-11-23T15:45:08Z,2015-01-28T11:30:59Z
Julia.jl,https://github.com/svaksha/Julia.jl,svaksha,61,408,92,1,2016-12-19T20:28:00Z,2016-12-18T11:55:40Z
killer-talks,https://github.com/PharkMillups/killer-talks,PharkMillups,22,261,24,1,2016-12-10T16:20:33Z,2015-03-25T18:20:28Z
language-list,https://github.com/thomasfoster96/language-list,thomasfoster96,2,26,1,0,2016-11-22T12:51:02Z,2015-07-12T10:57:59Z
Laravel-Resources,https://github.com/abhimanyusharma003/Laravel-Resources,abhimanyu003,18,79,32,0,2016-10-26T03:24:13Z,2015-03-15T18:11:58Z
learn-drupal,https://github.com/rocketeerbkw/learn-drupal,rocketeerbkw,2,1,4,0,2016-11-13T16:23:38Z,2016-10-30T06:13:44Z
learnhaskell,https://github.com/bitemyapp/learnhaskell,bitemyapp,270,4306,348,7,2016-12-19T13:41:05Z,2016-11-29T10:02:20Z
learning-resources,https://github.com/jshomes/learning-resources,jshomes,55,393,51,9,2016-11-22T12:42:03Z,2016-07-29T02:54:01Z
learn-python,https://github.com/adrianmoisey/learn-python,adrianmoisey,5,44,11,1,2016-11-24T19:21:56Z,2016-11-24T17:52:26Z
learn-to-program,https://github.com/karlhorky/learn-to-program,karlhorky,34,245,42,14,2016-12-10T03:49:19Z,2016-11-24T14:35:53Z
learn-tt,https://github.com/jozefg/learn-tt,jozefg,47,493,25,1,2016-12-18T20:58:45Z,2016-06-24T14:57:41Z
learnxinyminutes-docs,https://github.com/adambard/learnxinyminutes-docs,adambard,163,4072,1550,117,2016-12-19T21:45:36Z,2016-12-18T12:40:43Z
libertr,https://github.com/gaapt/libertr,gaapt,2,8,3,0,2016-11-22T12:42:06Z,2015-12-21T02:25:41Z
lifeofjs,https://github.com/abhijeetkpawar/lifeofjs,abhijeetkpawar,8,34,16,1,2016-11-21T13:33:12Z,2014-08-08T07:30:43Z
Linux_websites,https://github.com/hduffddybz/Linux_websites,hduffddybz,10,42,12,0,2016-11-18T04:37:57Z,2015-12-06T06:34:30Z
ListOfMinimalistFrameworks,https://github.com/neiesc/ListOfMinimalistFrameworks,neiesc,155,2758,245,1,2016-12-11T11:18:26Z,2016-11-15T16:02:00Z
Machine-Learning-Tutorials,https://github.com/ujjwalkarn/Machine-Learning-Tutorials,ujjwalkarn,360,3429,912,1,2016-12-19T17:56:23Z,2016-12-16T12:13:23Z
magictools,https://github.com/ellisonleao/magictools,ellisonleao,266,3525,336,0,2016-12-19T09:32:44Z,2016-12-06T13:56:22Z
manong,https://github.com/nemoTyrant/manong,nemoTyrant,529,3356,835,0,2016-12-18T11:25:41Z,2016-12-07T05:25:14Z
markdown-resources,https://github.com/rhythmus/markdown-resources,rhythmus,10,126,15,3,2016-12-13T09:55:23Z,2016-12-19T18:47:29Z
MOOC,https://github.com/fffaraz/MOOC,fffaraz,7,56,18,0,2016-12-19T20:03:18Z,2016-05-04T17:00:44Z
my_tech_resources,https://github.com/JamesLavin/my_tech_resources,JamesLavin,16,72,22,0,2016-12-02T09:28:23Z,2016-12-02T05:47:25Z
must-watch-css,https://github.com/AllThingsSmitty/must-watch-css,AllThingsSmitty,265,2208,158,2,2016-12-16T19:32:48Z,2016-11-03T22:23:37Z
must-watch-javascript,https://github.com/AllThingsSmitty/must-watch-javascript,AllThingsSmitty,170,1268,81,1,2016-12-14T22:02:23Z,2016-11-30T00:48:34Z
resources,https://github.com/nashville-lispers/resources,nashville-lispers,2,3,0,0,2016-04-27T18:07:58Z,2015-01-18T11:48:59Z
neural-network-papers,https://github.com/robertsdionne/neural-network-papers,robertsdionne,165,1236,214,1,2016-12-13T14:03:32Z,2016-01-28T04:03:15Z
nginx-resources,https://github.com/fcambus/nginx-resources,fcambus,148,1789,168,0,2016-12-19T18:11:55Z,2016-10-03T20:12:42Z
node-daily,https://github.com/dailyNode/node-daily,dailyNode,59,322,52,0,2016-12-18T12:45:53Z,2015-11-24T05:38:30Z
node-frameworks,https://github.com/pillarjs/node-frameworks,pillarjs,21,282,14,5,2016-11-28T00:47:27Z,2016-02-09T15:46:28Z
nodejs-conference-cfps,https://github.com/rosskukulinski/nodejs-conference-cfps,rosskukulinski,1,0,0,0,2014-08-05T06:07:43Z,2014-08-27T17:12:25Z
NodeJS-Learning,https://github.com/sergtitov/NodeJS-Learning,sergtitov,65,724,181,3,2016-12-19T18:16:17Z,2016-12-11T02:59:19Z
NotesIndex,https://github.com/Wilbeibi/NotesIndex,Wilbeibi,22,160,32,0,2016-12-09T07:11:25Z,2016-12-15T22:38:29Z
npm-algos,https://github.com/tejasmanohar/npm-algos,tejasmanohar,43,806,54,1,2016-12-11T09:35:08Z,2015-12-18T17:48:55Z
offline-first,https://github.com/pazguille/offline-first,pazguille,126,1795,116,1,2016-12-19T22:17:23Z,2016-12-16T12:47:02Z
open-source-android-apps,https://github.com/pcqpcq/open-source-android-apps,pcqpcq,445,4783,1105,7,2016-12-19T23:49:54Z,2016-12-19T08:21:39Z
open-source-ios-apps,https://github.com/dkhamsing/open-source-ios-apps,dkhamsing,841,11662,2086,6,2016-12-19T23:49:45Z,2016-12-19T16:28:07Z
ops-books,https://github.com/stack72/ops-books,stack72,61,536,51,6,2016-12-18T00:12:38Z,2016-09-08T02:44:07Z
papers,https://github.com/NicolasT/papers,NicolasT,2,17,1,0,2016-09-27T06:53:22Z,2015-09-13T11:15:35Z
papers-we-love,https://github.com/papers-we-love/papers-we-love,papers-we-love,1686,18193,1845,9,2016-12-19T23:37:36Z,2016-12-12T21:44:22Z
ParseAlternatives,https://github.com/relatedcode/ParseAlternatives,relatedcode,143,2406,261,131,2016-12-19T20:59:54Z,2016-12-14T14:33:57Z
pattern_classification,https://github.com/rasbt/pattern_classification,rasbt,274,2210,691,0,2016-12-19T18:50:29Z,2016-09-30T23:57:32Z
bookmarks,https://github.com/phpvietnam/bookmarks,phpvietnam,2,0,1,0,2014-11-09T09:55:31Z,2014-11-13T03:10:17Z
php-must-watch,https://github.com/phptodayorg/php-must-watch,phptodayorg,307,2165,172,1,2016-12-19T20:30:53Z,2016-11-17T21:56:00Z
PlacesToPostYourStartup,https://github.com/mmccaff/PlacesToPostYourStartup,mmccaff,80,970,123,3,2016-12-19T11:33:15Z,2016-11-15T17:46:46Z
post-mortems,https://github.com/danluu/post-mortems,danluu,240,2799,102,15,2016-12-17T10:38:54Z,2016-11-04T03:47:35Z
programmers-proverbs,https://github.com/AntJanus/programmers-proverbs,AntJanus,58,517,55,13,2016-12-15T01:45:25Z,2016-03-14T05:57:56Z
programming-talks,https://github.com/hellerve/programming-talks,hellerve,106,1026,93,2,2016-12-19T23:40:49Z,2016-12-19T13:32:15Z
Projects,https://github.com/karan/Projects,karan,1263,13112,6078,29,2016-12-19T20:37:58Z,2016-12-09T03:22:40Z
public-apis,https://github.com/toddmotto/public-apis,toddmotto,380,10872,733,3,2016-12-19T23:06:33Z,2016-12-18T11:41:18Z
pycrumbs,https://github.com/kirang89/pycrumbs,kirang89,299,2487,660,6,2016-12-19T23:29:26Z,2016-11-28T09:03:53Z
py-must-watch,https://github.com/s16h/py-must-watch,s16h,289,2954,243,20,2016-12-19T00:01:55Z,2016-09-21T15:10:56Z
python-github-projects,https://github.com/checkcheckzz/python-github-projects,checkcheckzz,52,297,62,0,2016-12-19T23:29:42Z,2016-12-17T23:32:01Z
pythonidae,https://github.com/svaksha/pythonidae,svaksha,65,492,106,0,2016-12-19T23:29:52Z,2016-12-18T10:44:11Z
python-must-watch,https://github.com/primalpop/python-must-watch,primalpop,2,9,0,0,2016-06-29T09:01:35Z,2014-07-18T14:54:39Z
python_reference,https://github.com/rasbt/python_reference,rasbt,179,1713,358,1,2016-12-19T23:29:12Z,2016-12-07T04:57:12Z
Qix,https://github.com/ty4z2008/Qix,ty4z2008,1157,5918,2650,0,2016-12-19T19:21:40Z,2016-12-12T06:45:54Z
queues.io,https://github.com/lukaszx0/queues.io,lukaszx0,60,986,129,30,2016-12-18T08:18:48Z,2016-12-13T18:07:05Z
rails-must-watch,https://github.com/gerricchaplin/rails-must-watch,gerricchaplin,2,13,0,0,2016-11-20T17:11:40Z,2014-12-28T22:23:22Z
remote-in-japan,https://github.com/uiureo/remote-in-japan,uiureo,45,293,40,1,2016-11-17T00:53:18Z,2016-10-02T04:50:27Z
remote-jobs,https://github.com/jessicard/remote-jobs,jessicard,333,4092,393,13,2016-12-19T20:16:53Z,2016-12-14T16:47:03Z
remote-jobs-brazil,https://github.com/lerrua/remote-jobs-brazil,lerrua,232,1102,154,1,2016-12-19T04:48:53Z,2016-12-13T11:38:46Z
resource-list,https://github.com/kyasui/resource-list,kyasui,2,8,0,0,2016-10-13T23:01:56Z,2015-02-10T16:04:37Z
resources,https://github.com/hr-14-15/resources,hr-14-15,25,168,48,3,2016-11-22T06:06:37Z,2015-03-02T07:55:30Z
resources,https://github.com/jbranchaud/resources,jbranchaud,2,27,1,4,2016-11-22T12:42:23Z,2016-05-15T22:55:43Z
Resources,https://github.com/tevko/Resources,tevko,47,384,46,1,2016-11-22T12:42:24Z,2016-04-13T15:19:08Z
Resources-for-Writing-Shaders-in-Unity,https://github.com/VoxelBoy/Resources-for-Writing-Shaders-in-Unity,VoxelBoy,17,98,13,0,2016-12-18T21:01:10Z,2015-11-05T16:06:05Z
Rich-Hickey-fanclub,https://github.com/tallesl/Rich-Hickey-fanclub,tallesl,123,1100,35,0,2016-12-19T14:25:06Z,2016-12-03T23:33:14Z
rss-readers-list,https://github.com/smithbr/rss-readers-list,smithbr,4,17,8,0,2016-09-02T07:41:44Z,2016-07-10T08:06:49Z
addinslist,https://github.com/daattali/rstudio-addins,daattali,39,199,50,0,2016-12-15T17:24:33Z,2016-12-19T17:48:34Z
ruby-bookmarks,https://github.com/dreikanter/ruby-bookmarks,dreikanter,106,1207,193,2,2016-12-19T14:01:51Z,2016-08-13T16:02:51Z
rubybib.org,https://github.com/rubybib/rubybib.org,rubybib,5,62,7,1,2016-10-27T18:40:01Z,2016-12-12T14:49:09Z
ruby-dev-bookmarks,https://github.com/saberma/ruby-dev-bookmarks,saberma,61,402,90,0,2016-12-16T20:42:53Z,2014-09-02T04:01:26Z
ruby-nlp,https://github.com/diasks2/ruby-nlp,diasks2,67,794,57,1,2016-12-19T10:30:08Z,2016-10-22T13:23:00Z
rust-lang-resources,https://github.com/dschenkelman/rust-lang-resources,dschenkelman,1,2,0,0,2015-08-15T22:16:29Z,2014-10-13T17:11:03Z
rx-react-flux,https://github.com/christianramsey/rx-react-flux,christianramsey,3,12,1,0,2016-06-18T03:50:12Z,2015-07-31T12:30:45Z
rxjs-ecosystem,https://github.com/Widdershin/rxjs-ecosystem,Widdershin,1,32,1,0,2016-10-22T12:00:26Z,2016-12-19T12:00:34Z
scalable-css-reading-list,https://github.com/davidtheclark/scalable-css-reading-list,davidtheclark,99,1123,63,2,2016-12-19T02:15:26Z,2016-12-03T16:23:49Z
secure-email,https://github.com/OpenTechFund/secure-email,OpenTechFund,73,372,51,10,2016-12-14T04:26:35Z,2016-12-15T08:04:01Z
search-engine-optimization,https://github.com/marcobiedermann/search-engine-optimization,marcobiedermann,37,376,67,5,2016-12-19T00:35:26Z,2016-10-24T18:15:49Z
services-engineering,https://github.com/mmcgrana/services-engineering,mmcgrana,198,2209,143,50,2016-12-17T19:36:53Z,2015-08-07T17:22:39Z
shellshocker-pocs,https://github.com/mubix/shellshocker-pocs,mubix,120,607,148,1,2016-12-19T18:50:56Z,2016-06-17T02:41:27Z
spawnedshelter,https://github.com/unbalancedparentheses/spawnedshelter,unbalancedparentheses,36,201,28,9,2016-12-15T13:25:01Z,2016-10-20T15:32:30Z
speech-language-processing,https://github.com/edobashira/speech-language-processing,edobashira,124,1345,151,17,2016-12-19T23:33:02Z,2016-10-07T19:42:54Z
StartupKnowledgeBase,https://github.com/bnjs/StartupKnowledgeBase,bnjs,2,21,1,0,2016-11-22T12:42:26Z,2014-09-05T07:57:38Z
startup-must-watch,https://github.com/gerricchaplin/startup-must-watch,gerricchaplin,4,23,1,0,2016-11-22T12:41:46Z,2014-10-12T12:26:32Z
startupreadings,https://github.com/dennybritz/startupreadings,dennybritz,25,190,42,0,2016-12-02T14:32:21Z,2016-01-07T06:07:18Z
Startup-Resources,https://github.com/JonathanZWhite/startup-resources,JonathanZWhite,1,9,4,1,2016-12-14T22:07:56Z,2015-03-05T02:27:45Z
Static-Site-Generators,https://github.com/pinceladasdaweb/Static-Site-Generators,pinceladasdaweb,29,393,74,1,2016-12-17T12:44:23Z,2016-11-27T02:00:14Z
staticsitegenerators-list,https://github.com/bevry/staticsitegenerators-list,bevry,13,138,186,8,2016-12-12T15:38:53Z,2016-12-09T21:28:18Z
streaming-papers,https://github.com/sorenmacbeth/streaming-papers,sorenmacbeth,30,153,25,0,2016-11-30T06:23:10Z,2015-12-02T23:58:19Z
sublime,https://github.com/JaredCubilla/sublime,JaredCubilla,63,664,95,2,2016-12-19T21:25:51Z,2016-11-20T01:58:05Z
sublime-bookmarks,https://github.com/dreikanter/sublime-bookmarks,dreikanter,35,462,33,2,2016-12-13T22:45:53Z,2016-12-02T01:46:13Z
SwiftInFlux,https://github.com/ksm/SwiftInFlux,ksm,261,1937,88,0,2016-12-17T12:11:10Z,2015-12-03T22:21:59Z
tech-weekly,https://github.com/adrianmoisey/tech-weekly,adrianmoisey,1,5,1,0,2016-07-10T04:42:27Z,2015-11-10T12:01:45Z
til,https://github.com/jbranchaud/til,jbranchaud,336,5050,254,2,2016-12-19T03:38:28Z,2016-12-11T23:10:41Z
Toolbox,https://github.com/Dillion/Toolbox,Dillion,2,12,1,0,2015-09-01T08:43:02Z,2015-05-31T13:30:01Z
tool_lists,https://github.com/johnyf/tool_lists,johnyf,31,114,26,0,2016-12-15T10:58:27Z,2016-11-26T02:33:49Z
tools,https://github.com/lvwzhen/tools,lvwzhen,27,230,31,5,2016-12-19T22:23:21Z,2016-12-15T17:09:43Z
ToolsOfTheTrade,https://github.com/cjbarber/ToolsOfTheTrade,cjbarber,271,6569,667,12,2016-12-19T06:58:03Z,2016-12-19T19:27:37Z
top-starred-devs-and-repos-to-follow,https://github.com/StijnMiroslav/top-starred-devs-and-repos-to-follow,StijnMiroslav,56,708,40,0,2016-12-18T23:15:56Z,2016-08-22T22:47:54Z
trending-repositories,https://github.com/Semigradsky/trending-repositories,Semigradsky,6,57,8,0,2016-11-22T12:42:33Z,2016-11-25T09:12:33Z
trip-to-iOS,https://github.com/Aufree/trip-to-iOS,Aufree,788,6636,2171,0,2016-12-19T12:56:29Z,2016-08-22T13:34:55Z
twofactorauth,https://github.com/2factorauth/twofactorauth,2factorauth,62,1106,776,48,2016-12-19T22:50:42Z,2016-12-19T23:02:58Z
type-findings,https://github.com/charlespeters/type-findings,charlespeters,2,13,0,0,2016-11-22T12:42:34Z,2014-10-13T07:11:29Z
universities-on-github,https://github.com/filler/universities-on-github,filler,2,35,25,0,2016-10-24T21:27:31Z,2016-12-05T21:37:33Z
upcoming-conferences,https://github.com/svenanders/upcoming-conferences,svenanders,9,90,8,1,2016-12-07T17:20:56Z,2016-08-01T13:28:06Z
web-audio-resources,https://github.com/alemangui/web-audio-resources,alemangui,11,87,6,0,2016-11-28T13:40:26Z,2016-12-03T11:34:32Z
WebComponents-Polymer-Resources,https://github.com/matthiasn/WebComponents-Polymer-Resources,matthiasn,2,7,0,0,2014-12-27T16:19:27Z,2014-08-29T13:22:40Z
webcomponents-the-right-way,https://github.com/mateusortiz/webcomponents-the-right-way,mateusortiz,65,859,49,6,2016-12-18T13:29:12Z,2016-11-22T18:44:54Z
webdev-jokes,https://github.com/jerstew/webdev-jokes,jerstew,5,20,7,0,2016-11-11T04:13:23Z,2015-08-17T19:23:25Z
webdevresourcecuration,https://github.com/lwakefield/webdevresourcecuration,lwakefield,1,7,2,0,2016-11-23T13:39:09Z,2014-10-04T03:54:17Z
web-dev-resources,https://github.com/ericandrewlewis/web-dev-resources,ericandrewlewis,1,18,4,0,2016-12-13T20:01:23Z,2015-05-10T11:46:18Z
web-development-resources,https://github.com/MasonONeal/web-development-resources,MasonONeal,1,2,0,0,2016-06-18T03:53:32Z,2014-11-24T01:57:47Z
weekly,https://github.com/zenany/weekly,zenany,233,785,182,0,2016-12-17T06:48:11Z,2016-12-19T04:25:43Z
Worth-Reading-the-Android-technical-articles,https://github.com/zmywly8866/Worth-Reading-the-Android-technical-articles,zmywly8866,87,813,279,1,2016-12-15T08:02:25Z,2016-08-10T06:53:54Z
awesome-2048-and-beyond,https://github.com/cstrap/awesome-2048-and-beyond,cstrap,1,9,5,0,2015-08-22T21:42:18Z,2014-07-18T12:38:52Z
awesome-a11y,https://github.com/brunopulis/awesome-a11y,brunopulis,34,327,37,1,2016-12-18T22:39:26Z,2016-12-14T13:54:46Z
awesome-acf,https://github.com/navidkashani/awesome-acf,navidkashani,51,397,50,12,2016-12-18T14:24:34Z,2016-09-09T17:06:26Z
awesome-activeadmin,https://github.com/serradura/awesome-activeadmin,serradura,18,201,19,0,2016-12-19T12:53:32Z,2016-10-27T12:17:32Z
awesome-algorithms,https://github.com/tayllan/awesome-algorithms,tayllan,176,2151,380,0,2016-12-19T18:53:51Z,2016-11-23T20:50:46Z
awesome-analytics,https://github.com/onurakpolat/awesome-analytics,onurakpolat,69,523,113,24,2016-12-19T22:13:02Z,2016-11-29T19:49:32Z
awesome-android,https://github.com/Jackgris/awesome-android,Jackgris,2,8,5,0,2015-01-21T15:07:00Z,2014-10-10T16:00:54Z
awesome-android,https://github.com/JStumpp/awesome-android,JStumpp,317,3301,721,0,2016-12-19T08:35:31Z,2016-12-19T05:49:42Z
awesome-android,https://github.com/snowdream/awesome-android,snowdream,473,5041,1364,0,2016-12-19T14:02:36Z,2016-12-19T14:34:21Z
awesome-android-awesomeness,https://github.com/yongjhih/awesome-android-awesomeness,yongjhih,3,40,6,0,2016-11-02T15:33:23Z,2016-11-20T15:21:08Z
awesome-android-libraries,https://github.com/wasabeef/awesome-android-libraries,wasabeef,319,3060,766,37,2016-12-19T17:33:20Z,2016-11-13T08:14:22Z
awesome-android-performance,https://github.com/Juude/awesome-android-performance,Juude,148,1912,261,2,2016-12-19T19:20:52Z,2016-11-03T04:27:36Z
awesome-android-tips,https://github.com/jiang111/awesome-android-tips,jiang111,137,1506,361,1,2016-12-19T13:30:39Z,2016-12-19T01:20:44Z
awesome-androidstudio-plugins,https://github.com/jiang111/awesome-androidstudio-plugins,jiang111,16,313,62,0,2016-12-19T06:44:04Z,2016-11-24T01:17:03Z
awesome-android-ui,https://github.com/wasabeef/awesome-android-ui,wasabeef,2134,19380,5429,104,2016-12-19T22:21:19Z,2016-12-18T18:16:40Z
awesome-angular,https://github.com/hugoleodev/awesome-angular,hugoleodev,2,17,0,0,2016-11-22T12:49:37Z,2014-07-16T17:48:27Z
awesome-angularjs,https://github.com/gianarb/awesome-angularjs,gianarb,183,1912,366,2,2016-12-19T14:02:14Z,2016-12-14T16:21:08Z
awesome-animation,https://github.com/Animatious/awesome-animation,Animatious,99,1477,176,1,2016-12-19T07:14:57Z,2016-03-13T03:18:15Z
awesome-answers,https://github.com/cyberglot/awesome-answers,cyberglot,47,434,65,2,2016-12-15T13:53:08Z,2016-08-24T09:30:14Z
awesome-app-ideas,https://github.com/tastejs/awesome-app-ideas,tastejs,98,1585,124,6,2016-12-19T22:45:14Z,2016-10-27T14:46:07Z
awesome-apple,https://github.com/joeljfischer/awesome-apple,joeljfischer,57,747,127,2,2016-12-17T10:00:28Z,2016-01-05T21:38:05Z
awesome-appsec,https://github.com/paragonie/awesome-appsec,paragonie,174,2145,180,13,2016-12-19T22:57:08Z,2016-11-15T22:52:19Z
awesome-arabic,https://github.com/OthmanAba/awesome-arabic,OthmanAba,1,8,0,0,2016-07-27T12:46:49Z,2014-11-14T21:09:35Z
awesome-asciidoc,https://github.com/bodiam/awesome-asciidoc,bodiam,6,18,2,0,2016-10-16T04:13:57Z,2015-11-16T11:54:31Z
awesome-asciidoctor,https://github.com/dongwq/awesome-asciidoctor,dongwq,1,3,0,0,2016-01-01T09:40:26Z,2014-10-28T04:54:51Z
awesome-asm,https://github.com/mat0thew/awesome-asm,feb21,12,108,21,0,2016-12-14T11:33:42Z,2016-12-19T02:46:43Z
awesome-AutoHotkey,https://github.com/ahkscript/awesome-AutoHotkey,ahkscript,57,339,57,14,2016-12-17T14:38:08Z,2016-12-19T02:00:02Z
awesome-AutoIt,https://github.com/J2TeaM/awesome-AutoIt,J2TeaM,23,107,32,0,2016-12-16T07:24:09Z,2016-12-10T08:38:42Z
awesome-ava,https://github.com/sindresorhus/awesome-ava,avajs,15,161,16,3,2016-12-19T05:25:31Z,2016-12-03T22:33:39Z
awesome-avr,https://github.com/fffaraz/awesome-avr,fffaraz,9,38,15,0,2016-11-14T10:33:31Z,2015-08-16T22:12:14Z
awesome-aws,https://github.com/donnemartin/awesome-aws,donnemartin,237,3814,260,15,2016-12-19T22:42:47Z,2016-12-19T11:46:52Z
awesome-backbone,https://github.com/sadcitizen/awesome-backbone,sadcitizen,23,356,43,2,2016-12-14T11:32:40Z,2016-10-31T08:09:35Z
awesome-bash,https://github.com/awesome-lists/awesome-bash,awesome-lists,36,757,60,3,2016-12-17T23:20:31Z,2016-11-13T08:46:19Z
awesome-bci,https://github.com/NeuroTechX/awesome-bci,NeuroTechX,25,39,14,3,2016-12-13T11:22:06Z,2016-12-06T04:39:21Z
awesome-beancount,https://github.com/wzyboy/awesome-beancount,wzyboy,10,34,4,1,2016-12-19T10:43:08Z,2016-04-01T15:49:26Z
awesome-bem,https://github.com/getbem/awesome-bem,getbem,7,58,4,1,2016-12-15T18:24:02Z,2015-03-11T07:17:41Z
awesome-bigdata,https://github.com/onurakpolat/awesome-bigdata,onurakpolat,594,3955,972,2,2016-12-19T15:48:47Z,2016-11-23T13:45:30Z
Awesome-Bioinformatics,https://github.com/danielecook/Awesome-Bioinformatics,danielecook,12,94,31,3,2016-12-19T22:22:57Z,2016-12-13T19:34:12Z
awesome-bpm,https://github.com/ungerts/awesome-bpm,ungerts,4,7,0,0,2016-11-17T08:20:55Z,2016-12-15T08:59:57Z
awesome-bitcoin,https://github.com/igorbarinov/awesome-bitcoin,igorbarinov,25,155,21,0,2016-12-19T13:02:34Z,2016-11-22T03:54:46Z
awesome-bootstrap,https://github.com/therebelrobot/awesome-bootstrap,therebelrobot,30,337,37,4,2016-12-17T19:50:57Z,2016-10-08T16:28:23Z
awesome-c,https://github.com/kozross/awesome-c,kozross,84,922,122,0,2016-12-17T22:28:21Z,2015-02-28T20:16:25Z
awesome-cakephp,https://github.com/FriendsOfCake/awesome-cakephp,FriendsOfCake,118,481,150,3,2016-12-14T14:23:18Z,2016-12-14T20:45:12Z
awesome-cassandra,https://github.com/yikebocai/awesome-cassandra,yikebocai,0,10,3,1,2016-11-20T15:57:24Z,2016-05-16T02:10:41Z
awesome_challenge_list,https://github.com/AwesomeRubyist/awesome_challenge_list,AwesomeRubyist,4,12,5,0,2016-11-19T05:25:10Z,2016-07-01T16:07:33Z
awesome-charting,https://github.com/zingchart/awesome-charting,zingchart,26,602,29,0,2016-12-10T21:03:59Z,2016-11-08T16:02:37Z
awesome-chef,https://github.com/obazoud/awesome-chef,obazoud,21,81,9,1,2016-12-09T06:17:15Z,2016-04-13T20:43:45Z
awesome-chrome-devtools,https://github.com/ChromeDevTools/awesome-chrome-devtools,ChromeDevTools,94,1736,71,0,2016-12-19T07:41:45Z,2016-12-16T13:54:09Z
awesome-ci,https://github.com/pditommaso/awesome-ci,pditommaso,3,15,1,0,2016-11-29T21:22:02Z,2016-07-19T19:36:01Z
awesome-ciandcd,https://github.com/ciandcd/awesome-ciandcd,ciandcd,37,278,40,3,2016-12-19T14:32:49Z,2016-12-04T12:29:00Z
awesome-cl,https://github.com/kozross/awesome-cl,CodyReichert,49,350,34,2,2016-12-19T16:32:16Z,2016-12-19T16:54:45Z
awesome-clojure,https://github.com/razum2um/awesome-clojure,razum2um,59,900,81,3,2016-12-19T22:56:26Z,2016-12-15T05:44:21Z
awesome-cloud,https://github.com/JStumpp/awesome-cloud,JStumpp,10,34,14,0,2016-12-18T19:29:44Z,2014-07-13T14:59:17Z
awesome-cloud-storage,https://github.com/wapmorgan/awesome-cloud-storage,wapmorgan,2,9,0,0,2016-08-12T07:51:57Z,2014-08-28T20:48:45Z
awesome-code-formatters,https://github.com/rishirdua/awesome-code-formatters,rishirdua,2,13,3,0,2016-12-08T20:31:04Z,2016-01-19T20:30:40Z
awesome-coldfusion,https://github.com/seancoyne/awesome-coldfusion,seancoyne,17,36,20,2,2016-10-31T06:52:35Z,2016-06-01T01:07:38Z
awesome-conservation-tech,https://github.com/anselmbradford/awesome-conservation-tech,anselmbradford,1,5,1,0,2016-12-12T11:03:56Z,2016-02-09T05:34:17Z
awesome-community,https://github.com/peterkokot/awesome-community,peterkokot,10,65,10,0,2016-11-28T03:32:47Z,2016-09-02T16:06:41Z
awesome-comparisons,https://github.com/dhamaniasad/awesome-comparisons,dhamaniasad,3,2,1,0,2016-05-14T10:43:11Z,2016-08-08T11:47:59Z
awesome-computer-history,https://github.com/watson/awesome-computer-history,watson,33,684,37,3,2016-12-16T12:15:47Z,2016-09-22T11:44:18Z
awesome-computer-vision,https://github.com/AGV-IIT-KGP/awesome-computer-vision,AGV-IIT-KGP,34,14,12,4,2016-11-29T03:17:21Z,2016-08-14T03:21:17Z
awesome-conference-playlists,https://github.com/chentsulin/awesome-conference-playlists,chentsulin,1,4,1,0,2016-01-28T17:22:58Z,2015-02-11T07:16:11Z
awesome-conferences,https://github.com/RichardLitt/awesome-conferences,RichardLitt,47,507,97,13,2016-12-13T11:19:33Z,2016-12-18T17:28:31Z
awesome-container,https://github.com/tcnksm/awesome-container,tcnksm,7,74,5,1,2016-12-04T12:37:32Z,2016-01-25T08:56:27Z
awesome-cordova,https://github.com/busterc/awesome-cordova,busterc,25,165,19,3,2016-11-24T19:39:40Z,2016-09-17T16:51:07Z
awesome-courses,https://github.com/prakhar1989/awesome-courses,prakhar1989,1626,17314,3028,16,2016-12-19T23:29:05Z,2016-12-19T04:27:36Z
awesome-cpp,https://github.com/fffaraz/awesome-cpp,fffaraz,860,6857,1441,54,2016-12-19T23:03:19Z,2016-12-19T18:47:37Z
awesome-crystal,https://github.com/veelenga/awesome-crystal,veelenga,64,687,67,0,2016-12-19T22:12:04Z,2016-12-19T08:13:48Z
awesome-cryptography,https://github.com/sobolevn/awesome-cryptography,sobolevn,32,268,51,4,2016-12-19T17:24:36Z,2016-12-05T22:57:26Z
Awesome-Cross-Platform-Apps,https://github.com/Juude/Awesome-Cross-Platform-Apps,Juude,11,73,16,0,2016-12-12T05:27:32Z,2015-10-11T08:40:00Z
awesome-css,https://github.com/bring2dip/awesome-css,bring2dip,2,7,0,0,2016-12-11T04:23:29Z,2016-12-11T04:23:27Z
awesome-css,https://github.com/ikkou/awesome-css,ikkou,12,119,19,4,2016-12-18T18:18:46Z,2016-10-24T15:25:02Z
awesome-cyclejs,https://github.com/vic/awesome-cyclejs,cyclejs-community,43,503,58,0,2016-12-19T02:57:34Z,2016-12-13T18:59:38Z
awesome-d,https://github.com/zhaopuming/awesome-d,zhaopuming,23,172,25,3,2016-12-13T15:43:54Z,2016-11-18T02:23:19Z
awesome-d3,https://github.com/wbkd/awesome-d3,wbkd,142,3048,141,2,2016-12-19T22:49:23Z,2016-10-19T09:24:49Z
awesome-dart,https://github.com/yissachar/awesome-dart,yissachar,30,177,29,3,2016-12-14T14:59:51Z,2016-11-07T15:11:00Z
awesome-dashboard,https://github.com/obazoud/awesome-dashboard,obazoud,32,269,28,1,2016-12-18T04:03:27Z,2016-10-24T19:20:45Z
awesome-data-engineering,https://github.com/igorbarinov/awesome-data-engineering,igorbarinov,86,763,117,2,2016-12-19T22:22:16Z,2016-10-01T03:06:36Z
awesome-datascience,https://github.com/okulbilisim/awesome-datascience,bulutyazilim,614,3126,958,1,2016-12-19T17:55:11Z,2016-11-29T17:46:20Z
awesome-datasets,https://github.com/viisar/awesome-datasets,viisar,8,33,5,1,2016-12-19T22:14:58Z,2016-10-13T10:46:00Z
awesome-dataviz,https://github.com/fasouto/awesome-dataviz,fasouto,63,703,102,0,2016-12-19T07:38:19Z,2016-12-13T15:38:44Z
awesome-db,https://github.com/numetriclabz/awesome-db,numetriclabz,37,314,47,15,2016-12-19T12:32:40Z,2016-11-19T21:52:35Z
awesome-ddd,https://github.com/wkjagt/awesome-ddd,wkjagt,2,8,0,0,2016-09-03T04:09:25Z,2014-07-20T15:02:23Z
awesome-deep-vision,https://github.com/kjw0612/awesome-deep-vision,kjw0612,539,2845,910,14,2016-12-19T20:42:20Z,2016-12-02T23:27:46Z
awesome-delphi,https://github.com/Fr0sT-Brutal/awesome-delphi,Fr0sT-Brutal,88,216,50,0,2016-12-17T00:39:14Z,2016-11-10T16:27:07Z
amazing-deployment,https://github.com/delirehberi/awesome-deployment,delirehberi,10,67,8,0,2016-11-22T12:42:42Z,2016-04-04T19:01:44Z
awesome-derby,https://github.com/russll/awesome-derby,russll,2,10,0,0,2016-07-22T22:45:13Z,2014-08-26T14:37:26Z
awesome-design,https://github.com/troyericg/awesome-design,troyericg,5,44,3,0,2016-12-08T13:56:21Z,2014-12-02T17:49:22Z
awesome-devenv,https://github.com/jondot/awesome-devenv,jondot,49,520,47,4,2016-12-19T07:46:52Z,2016-10-30T13:48:02Z
awesome-devtools,https://github.com/moimikey/awesome-devtools,moimikey,10,38,1,0,2016-12-17T06:59:39Z,2016-12-19T17:41:55Z
awesome-django,https://github.com/rosarior/awesome-django,rosarior,427,4712,847,14,2016-12-19T23:18:26Z,2016-12-16T04:39:12Z
awesome-django-cms,https://github.com/mishbahr/awesome-django-cms,mishbahr,21,88,9,0,2016-12-17T11:38:42Z,2015-09-13T23:25:20Z
awesome-docker,https://github.com/veggiemonk/awesome-docker,veggiemonk,448,5362,601,1,2016-12-19T21:04:35Z,2016-12-19T15:07:58Z
awesome-doctrine,https://github.com/TomasVotruba/awesome-doctrine,TomasVotruba,30,172,10,0,2016-12-19T01:48:33Z,2016-11-26T02:25:32Z
awesome-dojo,https://github.com/peterkokot/awesome-dojo,peterkokot,11,47,7,1,2016-12-08T04:03:12Z,2016-10-06T22:04:19Z
awesome-dotfiles,https://github.com/webpro/awesome-dotfiles,webpro,66,1466,55,1,2016-12-19T22:16:09Z,2016-12-14T16:16:17Z
awesome-dotnet,https://github.com/quozd/awesome-dotnet,quozd,484,3729,628,5,2016-12-19T14:41:12Z,2016-12-18T21:52:53Z
awesome-drupal,https://github.com/mrsinguyen/awesome-drupal,mrsinguyen,8,44,14,6,2016-12-10T19:37:17Z,2016-12-19T14:39:45Z
awesome-drupal,https://github.com/emincansumer/awesome-drupal,emincansumer,2,1,0,0,2016-11-13T16:28:56Z,2014-12-26T12:36:05Z
awesome-educate,https://github.com/mercer/awesome-educate,mercer,1,10,1,0,2016-10-11T18:28:19Z,2016-09-03T15:40:54Z
awesome-edtech-tools,https://github.com/hkalant/awesome-edtech-tools,hkalant,2,16,4,0,2016-11-30T00:40:25Z,2016-12-01T10:54:00Z
awesome-elm,https://github.com/isRuslan/awesome-elm,isRuslan,118,1497,110,2,2016-12-19T17:56:24Z,2016-12-10T08:49:36Z
awesome-emacs,https://github.com/emacs-tw/awesome-emacs,emacs-tw,250,2433,233,7,2016-12-19T23:53:47Z,2016-12-14T01:29:37Z
awesome-emacs,https://github.com/sefakilic/awesome-emacs,sefakilic,2,9,0,0,2016-11-10T10:15:58Z,2015-12-21T14:53:42Z
awesome-emacs,https://github.com/tacticiankerala/awesome-emacs,tacticiankerala,2,13,0,0,2016-11-10T10:10:47Z,2014-07-28T21:09:21Z
awesome-ember,https://github.com/nmec/awesome-ember,nmec,19,188,21,4,2016-12-19T19:39:56Z,2016-09-30T07:00:27Z
awesome-electron,https://github.com/sindresorhus/awesome-electron,sindresorhus,535,9146,788,9,2016-12-19T21:10:10Z,2016-12-19T15:58:46Z
awesome-elixir,https://github.com/h4cc/awesome-elixir,h4cc,282,5561,533,2045,2016-12-19T20:19:04Z,2016-12-16T19:11:07Z
awesome-endless-codeforall-list,https://github.com/RobTranquillo/awesome-endless-codeforall-list,RobTranquillo,3,5,0,0,2016-01-12T15:50:55Z,2014-07-21T10:44:23Z
awesome-erlang,https://github.com/drobakowski/awesome-erlang,drobakowski,65,578,79,6,2016-12-19T10:05:09Z,2016-10-10T15:20:19Z
not-awesome-es6-classes,https://github.com/joshburgess/not-awesome-es6-classes,joshburgess,37,688,31,0,2016-12-19T09:51:16Z,2016-10-04T03:37:03Z
awesome-ethereum,https://github.com/btomashvili/awesome-ethereum,btomashvili,6,53,0,0,2016-12-17T22:11:33Z,2016-07-04T06:40:20Z
awesome-events,https://github.com/planetruby/awesome-events,planetruby,30,179,54,0,2016-12-16T01:36:58Z,2016-09-12T07:10:38Z
awesome-fantasy,https://github.com/r7kamura/awesome-fantasy,r7kamura,3,58,2,0,2016-10-06T22:05:17Z,2015-08-26T06:13:40Z
awesome-flask,https://github.com/humiaozuzu/awesome-flask,humiaozuzu,271,3318,535,17,2016-12-19T07:57:40Z,2016-11-30T07:00:04Z
awesome-flexbox,https://github.com/afonsopacifer/awesome-flexbox,afonsopacifer,49,553,54,1,2016-12-19T22:18:06Z,2016-11-21T13:55:11Z
awesome-fortran,https://github.com/rabbiabram/awesome-fortran,rabbiabram,19,92,21,2,2016-12-18T21:05:25Z,2016-11-30T07:09:30Z
awesome-fp-js,https://github.com/stoeffel/awesome-fp-js,stoeffel,62,918,54,3,2016-12-19T19:28:10Z,2016-12-11T19:50:55Z
awesome-functional-programming,https://github.com/xgrommx/awesome-functional-programming,xgrommx,70,897,75,4,2016-12-19T18:23:49Z,2016-12-18T09:25:32Z
awesome-github,https://github.com/fffaraz/awesome-github,fffaraz,18,120,27,4,2016-12-16T01:04:41Z,2016-01-13T05:54:59Z
awesome-github,https://github.com/Kikobeats/awesome-github,Kikobeats,28,263,34,0,2016-12-18T17:00:27Z,2016-12-08T18:53:23Z
awesome-github-repo,https://github.com/flyhigher139/awesome-github-repo,flyhigher139,86,551,137,0,2016-12-05T08:41:40Z,2015-05-27T08:57:48Z
awesome-go,https://github.com/avelino/awesome-go,avelino,1218,17062,2147,153,2016-12-19T23:49:31Z,2016-12-19T20:21:00Z
awesome-go-books,https://github.com/heatroom/awesome-go-books,heatroom,1,6,0,0,2016-08-24T21:54:59Z,2014-08-15T10:12:08Z
awesome-grails,https://github.com/hitenpratap/awesome-grails,hitenpratap,3,1,1,0,2015-10-23T11:17:11Z,2014-07-18T17:17:56Z
awesome-graphql,https://github.com/chentsulin/awesome-graphql,chentsulin,173,2688,200,13,2016-12-20T00:01:29Z,2016-12-19T12:09:09Z
awesome-groovy,https://github.com/kdabir/awesome-groovy,kdabir,54,323,35,1,2016-12-18T09:13:10Z,2016-10-10T03:57:16Z
awesome-gulp,https://github.com/alferov/awesome-gulp,alferov,20,226,31,2,2016-12-19T02:30:09Z,2016-10-24T15:49:54Z
awesome-gyazo,https://github.com/gyazo/awesome-gyazo,gyazo,8,20,3,0,2016-11-05T18:53:53Z,2016-09-27T17:52:39Z
awesome-hadoop,https://github.com/youngwookim/awesome-hadoop,youngwookim,81,422,138,2,2016-12-19T13:40:57Z,2016-07-22T07:25:47Z
awesome-haskell,https://github.com/krispo/awesome-haskell,krispo,87,948,75,5,2016-12-19T14:03:16Z,2016-10-18T22:35:04Z
awesome-hierarchical-matrices,https://github.com/gchavez2/awesome-hierarchical-matrices,gchavez2,5,5,3,0,2016-08-02T06:38:20Z,2016-03-12T08:56:37Z
awesome-honeypots,https://github.com/paralax/awesome-honeypots,paralax,144,1137,250,4,2016-12-18T23:30:12Z,2016-12-13T14:44:10Z
awesome-html5,https://github.com/diegocard/awesome-html5,diegocard,70,628,111,0,2016-12-19T22:21:24Z,2016-09-16T02:46:11Z
awesome-influxdb,https://github.com/mark-rushakoff/awesome-influxdb,mark-rushakoff,30,203,18,0,2016-12-17T06:45:06Z,2016-12-14T15:06:02Z
awesome-interview-questions,https://github.com/MaximAbramchuck/awesome-interviews,MaximAbramchuck,769,13309,1226,0,2016-12-19T22:34:51Z,2016-12-18T15:12:09Z
awesome-ios,https://github.com/vsouza/awesome-ios,vsouza,1160,16910,2933,54,2016-12-19T23:15:59Z,2016-12-19T16:15:12Z
awesome-ios-cn,https://github.com/jobbole/awesome-ios-cn,jobbole,195,1848,569,0,2016-12-19T12:12:41Z,2016-11-07T04:45:27Z
awesome-ios-ui,https://github.com/cjwirth/awesome-ios-ui,cjwirth,646,8940,1092,11,2016-12-19T18:28:23Z,2016-11-01T20:49:20Z
awesome-IoT,https://github.com/dharmeshkakadia/awesome-IoT,dharmeshkakadia,7,13,2,0,2016-08-24T21:56:04Z,2016-06-15T18:34:48Z
awesome-IoT-hybrid,https://github.com/weblancaster/awesome-IoT-hybrid,weblancaster,31,229,32,1,2016-12-18T13:25:40Z,2016-02-04T16:34:04Z
awesome-java,https://github.com/akullpp/awesome-java,akullpp,1333,10572,2411,6,2016-12-19T22:18:49Z,2016-12-11T13:18:02Z
awesome-javascript,https://github.com/sorrycc/awesome-javascript,sorrycc,610,7635,1141,65,2016-12-19T22:19:07Z,2016-12-14T06:28:21Z
awesome-javascript-books,https://github.com/heatroom/awesome-javascript-books,heatroom,12,74,6,0,2016-12-16T07:22:29Z,2015-03-25T00:16:17Z
awesome-jquery,https://github.com/peterkokot/awesome-jquery,peterkokot,25,278,51,0,2016-12-19T22:21:23Z,2016-11-08T15:03:44Z
awesome-julia,https://github.com/melvin0008/awesome-julia,melvin0008,2,7,7,0,2016-11-20T09:09:01Z,2015-01-23T23:23:21Z
awesome-js-drama,https://github.com/scottcorgan/awesome-js-drama,scottcorgan,16,177,7,0,2016-12-09T14:14:55Z,2016-06-02T17:51:31Z
awesome-jvm,https://github.com/deephacks/awesome-jvm,deephacks,45,274,34,1,2016-12-16T14:55:19Z,2016-12-12T17:38:17Z
awesome-knockout,https://github.com/dnbard/awesome-knockout,dnbard,7,52,6,7,2016-12-08T15:47:44Z,2016-05-06T13:55:58Z
awesome-koans,https://github.com/ahmdrefat/awesome-koans,ahmdrefat,17,183,19,4,2016-11-26T09:19:58Z,2016-05-19T00:21:59Z
awesome-kr-foss,https://github.com/darjeeling/awesome-kr-foss,darjeeling,2,49,11,0,2016-12-13T07:49:59Z,2016-08-23T03:15:45Z
awesome-languages,https://github.com/perfaram/awesome-languages,perfaram,1,9,1,0,2016-08-24T21:56:11Z,2015-08-11T08:21:05Z
awesome-laravel,https://github.com/chiraggude/awesome-laravel,chiraggude,435,3781,786,0,2016-12-19T22:45:07Z,2016-12-19T11:23:05Z
awesome-laravel,https://github.com/TimothyDJones/awesome-laravel,TimothyDJones,55,285,78,6,2016-12-19T08:53:17Z,2016-12-17T02:32:51Z
Awesome-Laravel-Education,https://github.com/fukuball/Awesome-Laravel-Education,fukuball,10,86,16,2,2016-12-17T21:27:26Z,2016-12-10T17:04:53Z
awesome-linguistics,https://github.com/theimpossibleastronaut/awesome-linguistics,theimpossibleastronaut,18,50,6,0,2016-11-28T20:21:11Z,2015-08-07T16:51:03Z
awesome-linux,https://github.com/aleksandar-todorovic/awesome-linux,aleksandar-todorovic,48,533,81,5,2016-12-19T22:06:31Z,2016-12-14T01:46:57Z
awesome-linters,https://github.com/caramelomartins/awesome-lint,caramelomartins,7,37,9,3,2016-12-16T17:06:34Z,2016-12-03T01:38:56Z
awesome-linuxaudio,https://github.com/nodiscc/awesome-linuxaudio,nodiscc,19,130,16,4,2016-12-09T16:36:41Z,2016-10-10T21:40:14Z
awesome-logging,https://github.com/roundrobin/awesome-logging,roundrobin,2,6,0,0,2016-11-16T00:37:37Z,2014-11-21T03:59:16Z
awesome-lua,https://github.com/forhappy/awesome-lua,forhappy,18,144,16,1,2016-12-09T20:43:51Z,2014-08-19T01:32:33Z
awesome-lua,https://github.com/LewisJEllis/awesome-lua,LewisJEllis,92,1176,112,16,2016-12-19T07:40:03Z,2016-12-19T20:04:30Z
awesome-luvit,https://github.com/luvit/awesome-luvit,luvit,2,6,1,1,2016-12-07T09:34:01Z,2016-08-15T13:18:43Z
awesome-machine-learning,https://github.com/josephmisiti/awesome-machine-learning,josephmisiti,1923,18343,4441,2,2016-12-19T22:32:56Z,2016-12-14T13:15:24Z
awesome-malware-analysis,https://github.com/rshipp/awesome-malware-analysis,rshipp,287,1587,430,6,2016-12-19T17:50:49Z,2016-12-16T00:24:28Z
Awesome-MaterialDesign,https://github.com/lightSky/Awesome-MaterialDesign,lightSky,438,4362,1325,7,2016-12-19T13:33:40Z,2016-11-22T13:02:20Z
awesome-meteor,https://github.com/Urigo/awesome-meteor,Urigo,88,845,96,3,2016-12-19T13:32:34Z,2016-11-15T14:11:09Z
awesome-mesos,https://github.com/dharmeshkakadia/awesome-mesos,dharmeshkakadia,49,338,58,1,2016-12-19T03:58:06Z,2016-11-30T08:40:50Z
awesome-mesos,https://github.com/parolkar/awesome-mesos,parolkar,3,1,1,0,2014-11-20T17:31:00Z,2014-10-19T12:15:56Z
awesome-android-learner,https://github.com/MakinGiants/awesome-mobile-dev,MakinGiants,7,179,9,0,2016-12-19T17:30:16Z,2016-12-02T20:43:08Z
Awesome-Networking,https://github.com/clowwindy/Awesome-Networking,clowwindy,126,1706,274,1,2016-12-16T06:43:29Z,2016-03-13T21:39:33Z
awesome-newsletters,https://github.com/vredniy/awesome-newsletters,vredniy,27,373,49,8,2016-12-19T07:04:41Z,2016-12-09T21:15:29Z
awesome-nlp,https://github.com/keonkim/awesome-nlp,keonkim,120,1108,225,5,2016-12-19T23:37:19Z,2016-12-15T14:21:38Z
awesome-nodejs,https://github.com/sindresorhus/awesome-nodejs,sindresorhus,958,14866,1797,11,2016-12-19T22:57:26Z,2016-12-19T13:51:22Z
awesome-nodejs,https://github.com/vndmtrx/awesome-nodejs,vndmtrx,92,1070,157,5,2016-12-19T16:42:34Z,2016-12-19T08:42:18Z
awesome-npm,https://github.com/sindresorhus/awesome-npm,sindresorhus,90,2166,110,2,2016-12-19T18:39:27Z,2016-11-04T02:42:44Z
awesome-ntnu,https://github.com/michaelmcmillan/awesome-ntnu,michaelmcmillan,5,14,3,1,2016-12-09T19:02:24Z,2016-11-06T16:02:17Z
awesome-objc-frameworks,https://github.com/XCGit/awesome-objc-frameworks,follyxing,26,304,110,0,2016-12-09T07:15:40Z,2016-09-28T07:26:10Z
awesome-ocaml,https://github.com/rizo/awesome-ocaml,rizo,85,771,62,7,2016-12-19T18:22:36Z,2016-11-20T15:00:49Z
awesome-open-science,https://github.com/silky/awesome-open-science,silky,6,56,5,0,2016-11-14T15:40:41Z,2016-04-30T08:07:48Z
awesome-opensource-documents,https://github.com/nacyot/awesome-opensource-documents,hubtee,79,916,87,9,2016-12-15T22:47:26Z,2016-07-28T11:30:40Z
awesome-macOS,https://github.com/iCHAIT/awesome-osx,iCHAIT,226,5271,394,3,2016-12-19T20:17:16Z,2016-12-18T06:31:20Z
awesome-osx-command-line,https://github.com/herrbischoff/awesome-osx-command-line,herrbischoff,387,9731,486,4,2016-12-19T21:30:38Z,2016-11-28T13:31:32Z
awesome-pcaptools,https://github.com/caesar0301/awesome-pcaptools,caesar0301,76,542,106,9,2016-12-19T14:04:57Z,2016-11-01T01:22:11Z
awesome-pentest,https://github.com/enaqx/awesome-pentest,enaqx,424,2939,802,5,2016-12-19T23:05:27Z,2016-12-08T04:53:50Z
Awesome-People-in-Computer-Vision,https://github.com/solarlee/Awesome-People-in-Computer-Vision,solarlee,6,51,22,1,2016-12-13T06:33:47Z,2016-01-02T08:51:32Z
awesome-perfocards,https://github.com/Wolg/awesome-perfocards,Wolg,1,0,0,0,2015-03-17T12:38:13Z,2014-07-16T06:34:18Z
awesome-perl,https://github.com/hachiojipm/awesome-perl,hachiojipm,73,310,53,4,2016-12-19T10:19:59Z,2016-02-05T08:58:30Z
awesome-persian,https://github.com/fffaraz/awesome-persian,fffaraz,9,49,9,0,2016-11-04T08:13:27Z,2016-10-30T01:31:36Z
awesome-phalcon,https://github.com/sergeyklay/awesome-phalcon,sergeyklay,55,263,53,0,2016-12-17T19:02:20Z,2016-12-06T22:17:51Z
awesome-php,https://github.com/ziadoz/awesome-php,ziadoz,1397,13840,2810,49,2016-12-19T22:49:28Z,2016-12-19T20:47:24Z
awesome-pipeline,https://github.com/pditommaso/awesome-pipeline,pditommaso,43,416,64,2,2016-12-19T09:11:42Z,2016-11-24T20:29:35Z
awesome-play1,https://github.com/PerfectCarl/awesome-play1,PerfectCarl,6,31,4,5,2016-12-14T09:02:19Z,2016-01-11T08:10:59Z
awesome-postgres,https://github.com/dhamaniasad/awesome-postgres,dhamaniasad,160,3050,173,21,2016-12-19T18:57:45Z,2016-12-12T09:14:48Z
awesome-ProductManager,https://github.com/hugo53/awesome-ProductManager,hugo53,13,62,7,0,2016-12-18T08:26:59Z,2014-11-15T10:06:50Z
awesome-projects-boilerplates,https://github.com/melvin0008/awesome-projects-boilerplates,melvin0008,23,314,50,4,2016-12-16T09:54:22Z,2016-11-15T16:20:48Z
awesome-promises,https://github.com/wbinnssmith/awesome-promises,wbinnssmith,29,730,63,1,2016-12-15T09:06:34Z,2016-12-14T15:40:08Z
awesome-puppet,https://github.com/olindata/awesome-puppet,olindata,6,17,6,1,2016-12-06T20:37:27Z,2016-09-08T07:03:49Z
awesome-pyramid,https://github.com/uralbash/awesome-pyramid,uralbash,47,313,36,0,2016-12-19T07:08:45Z,2016-12-13T04:42:06Z
awesome-python,https://github.com/kevmo/awesome-python,kevmo,1,5,0,0,2016-11-16T00:32:33Z,2015-06-09T18:12:53Z
awesome-python,https://github.com/vinta/awesome-python,vinta,2558,27220,5202,320,2016-12-19T22:19:53Z,2016-12-19T10:10:33Z
awesome-python-talks,https://github.com/jhermann/awesome-python-talks,jhermann,9,95,7,1,2016-12-18T08:45:18Z,2016-10-30T10:24:37Z
awesome-public-datasets,https://github.com/caesar0301/awesome-public-datasets,caesar0301,1145,16558,2217,45,2016-12-19T23:04:56Z,2016-12-19T02:04:54Z
awesome-pure-css-no-javascript,https://github.com/Zhangjd/awesome-pure-css-no-javascript,Zhangjd,8,183,34,1,2016-11-30T03:26:02Z,2016-04-30T09:27:05Z
awesome-purescript,https://github.com/passy/awesome-purescript,passy,14,98,6,0,2016-12-19T06:15:11Z,2016-07-11T11:12:21Z
awesome-qt,https://github.com/skhaz/awesome-qt,skhaz,1,11,1,0,2016-04-22T14:42:53Z,2014-10-07T18:04:26Z
awesome-R,https://github.com/qinwf/awesome-R,qinwf,245,1764,642,13,2016-12-19T09:35:47Z,2016-12-19T04:27:07Z
awesome-radio,https://github.com/kyleterry/awesome-radio,kyleterry,7,82,10,1,2016-12-19T02:24:53Z,2015-08-07T19:25:22Z
awesome-rails,https://github.com/dpaluy/awesome-rails,dpaluy,5,29,3,0,2016-10-24T03:26:58Z,2016-01-18T21:52:32Z
awesome-rails,https://github.com/ekremkaraca/awesome-rails,ekremkaraca,94,1150,160,2,2016-12-19T02:40:03Z,2016-12-14T09:41:07Z
awesome-rails,https://github.com/ruby-vietnam/awesome-rails,ruby-vietnam,15,31,14,1,2016-10-21T06:58:30Z,2015-05-09T08:11:48Z
awesome-rails-gem,https://github.com/hothero/awesome-rails-gem,hothero,98,1912,215,18,2016-12-19T23:13:11Z,2016-12-02T03:21:28Z
awesome-random-forest,https://github.com/kjw0612/awesome-random-forest,kjw0612,68,377,142,1,2016-12-19T18:03:31Z,2015-10-07T12:17:12Z
awesome-react,https://github.com/enaqx/awesome-react,enaqx,899,17063,1734,62,2016-12-19T22:59:57Z,2016-12-19T17:47:39Z
awesome-react-components,https://github.com/brillout/awesome-react-components,brillout,228,6069,263,0,2016-12-19T21:36:20Z,2016-11-20T13:10:38Z
awesome-recommender-system,https://github.com/Geek4IT/awesome-recommender-system,Geek4IT,4,7,0,1,2016-12-05T23:19:45Z,2016-11-11T12:46:07Z
awesome-redux,https://github.com/xgrommx/awesome-redux,xgrommx,339,7148,557,16,2016-12-19T23:54:07Z,2016-12-19T14:59:57Z
awesome-regex,https://github.com/aloisdg/awesome-regex,aloisdg,21,151,17,12,2016-12-18T10:27:39Z,2016-12-13T16:57:57Z
awesome-remote-job,https://github.com/lukasz-madon/awesome-remote-job,lukasz-madon,572,7965,734,23,2016-12-19T16:24:13Z,2016-12-18T00:57:32Z
awesome-RemoteWork,https://github.com/hugo53/awesome-RemoteWork,hugo53,37,294,27,1,2016-12-13T20:05:17Z,2016-10-19T02:36:54Z
awesome-rl,https://github.com/aikorea/awesome-rl,aikorea,100,705,198,1,2016-12-19T18:37:01Z,2016-11-25T01:28:44Z
awesome-rnn,https://github.com/kjw0612/awesome-rnn,kjw0612,429,2962,674,0,2016-12-19T18:03:10Z,2016-11-16T08:45:10Z
awesome-robotics,https://github.com/Kiloreux/awesome-robotics,Kiloreux,53,333,60,1,2016-12-18T08:22:28Z,2016-12-07T14:30:53Z
awesome-ruby,https://github.com/markets/awesome-ruby,markets,418,6631,924,83,2016-12-19T18:25:33Z,2016-12-19T05:45:54Z
awesome-ruby,https://github.com/Sdogruyol/awesome-ruby,sdogruyol,83,903,110,4,2016-12-18T03:56:57Z,2016-11-08T14:27:29Z
awesome_podcast_list,https://github.com/AwesomeRubyist/awesome_podcast_list,AwesomeRubyist,6,12,3,0,2016-09-23T20:13:23Z,2015-12-04T14:04:53Z
awesome_reading_list,https://github.com/AwesomeRubyist/awesome_reading_list,AwesomeRubyist,14,66,12,0,2016-12-16T15:06:06Z,2016-10-29T08:33:42Z
awesome_resource_list,https://github.com/AwesomeRubyist/awesome_resource_list,AwesomeRubyist,9,28,12,0,2016-11-11T22:57:36Z,2016-07-13T08:47:18Z
awesome-rust,https://github.com/kud1ing/awesome-rust,kud1ing,270,3365,223,4,2016-12-19T22:20:43Z,2016-12-16T07:23:20Z
awesome-sarl,https://github.com/sarl/awesome-sarl,sarl,4,1,3,0,2016-11-10T10:29:56Z,2016-11-10T10:33:48Z
awesome-sass,https://github.com/HugoGiraudel/awesome-sass,HugoGiraudel,66,603,45,0,2016-12-17T11:27:05Z,2016-09-27T20:51:24Z
awesome-scala,https://github.com/lauris/awesome-scala,lauris,544,4355,665,10,2016-12-19T22:12:18Z,2016-12-16T17:18:41Z
awesome-sec-talks,https://github.com/PaulSec/awesome-sec-talks,PaulSec,180,1230,142,0,2016-12-17T16:48:55Z,2016-12-18T08:41:26Z
awesome-security,https://github.com/sbilly/awesome-security,sbilly,100,875,166,2,2016-12-18T03:54:44Z,2016-12-15T01:20:35Z
awesome-selenium,https://github.com/christian-bromann/awesome-selenium,christian-bromann,22,150,24,0,2016-12-13T21:51:59Z,2016-04-05T09:57:36Z
awesome-selfhosted,https://github.com/Kickball/awesome-selfhosted,Kickball,641,13247,974,29,2016-12-19T23:54:01Z,2016-12-19T20:53:45Z
awesome-services,https://github.com/indrasantosa/awesome-services,indrasantosa,2,6,2,0,2016-07-28T01:28:35Z,2016-10-05T08:48:44Z
awesome-share,https://github.com/vinkla/awesome-share,vinkla,5,58,6,0,2016-12-19T02:30:15Z,2016-11-29T13:42:08Z
awesome-sharepoint,https://github.com/sergey-tihon/awesome-sharepoint,BSUG,19,57,14,1,2016-12-09T00:56:37Z,2016-11-12T10:03:01Z
awesome-SharePoint,https://github.com/siaf/awesome-SharePoint,siaf,3,1,1,0,2015-10-26T15:42:33Z,2014-08-26T14:37:38Z
awesome-shell,https://github.com/alebcay/awesome-shell,alebcay,456,8201,741,18,2016-12-19T16:58:51Z,2016-12-19T09:50:03Z
awesome-sheet-music,https://github.com/adius/awesome-sheet-music,adius,10,102,10,8,2016-12-19T04:34:01Z,2016-07-08T09:30:01Z
awesome-sketch,https://github.com/diessica/awesome-sketch,diessica,25,481,29,0,2016-12-16T17:26:58Z,2016-11-05T20:18:07Z
awesome-software-craftsmanship,https://github.com/benas/awesome-software-craftsmanship,benas,23,274,17,0,2016-12-14T15:15:08Z,2016-09-11T20:29:09Z
awesome-sound,https://github.com/hwclass/awesome-sound,hwclass,2,54,0,0,2016-11-22T12:43:06Z,2016-09-24T17:49:44Z
awesome-sphinxdoc,https://github.com/yoloseem/awesome-sphinxdoc,yoloseem,15,207,19,1,2016-12-12T01:12:32Z,2016-12-13T02:07:53Z
awesome-sqlalchemy,https://github.com/dahlia/awesome-sqlalchemy,dahlia,76,1252,82,3,2016-12-19T17:26:16Z,2016-10-04T09:49:14Z
awesome-standard,https://github.com/feross/awesome-standard,feross,23,139,8,0,2016-12-15T11:42:07Z,2016-07-26T00:19:11Z
awesome-stars,https://github.com/lichunqiang/awesome-stars,lichunqiang,7,60,22,1,2016-11-20T20:13:03Z,2016-11-07T02:09:19Z
awesome-static-generators,https://github.com/myles/awesome-static-generators,myles,2,23,2,0,2016-12-16T22:13:40Z,2016-11-15T19:51:30Z
awesome-styleguides,https://github.com/RichardLitt/awesome-styleguides,RichardLitt,33,347,39,2,2016-12-05T01:20:57Z,2016-10-26T20:01:21Z
awesome-svg,https://github.com/willianjusten/awesome-svg,willianjusten,171,3099,274,8,2016-12-19T22:23:08Z,2016-12-19T13:13:41Z
awesome-swift,https://github.com/matteocrippa/awesome-swift,matteocrippa,742,10664,1512,3,2016-12-19T21:21:24Z,2016-12-16T18:34:23Z
awesome-swift,https://github.com/Wolg/awesome-swift,Wolg,275,3507,397,89,2016-12-19T12:51:41Z,2016-12-19T04:36:09Z
awesome-symfony,https://github.com/sitepoint/awesome-symfony,sitepoint,135,906,140,10,2016-12-17T22:17:29Z,2016-12-06T16:59:25Z
awesome-sysadmin,https://github.com/kahun/awesome-sysadmin,kahun,1123,13739,2117,208,2016-12-19T22:55:25Z,2016-11-25T16:55:06Z
awesome-talks,https://github.com/JanVanRyswyck/awesome-talks,JanVanRyswyck,220,1567,151,21,2016-12-19T21:59:37Z,2016-12-19T19:56:01Z
awesome-tensorflow,https://github.com/jtoy/awesome-tensorflow,jtoy,459,5456,718,6,2016-12-19T15:31:29Z,2016-12-19T10:21:12Z
awesome-tech-conferences,https://github.com/tstringer/awesome-tech-conferences,tstringer,26,189,29,3,2016-12-15T07:05:51Z,2016-12-13T21:16:32Z
awesome-torch,https://github.com/carpedm20/awesome-torch,carpedm20,56,329,73,0,2016-12-17T16:33:22Z,2016-11-23T14:41:03Z
AwesomeTwitterAccounts,https://github.com/yask123/AwesomeTwitterAccounts,yask123,10,154,32,4,2016-12-01T06:10:09Z,2016-10-30T07:38:44Z
awesome-umbraco,https://github.com/leekelleher/awesome-umbraco,leekelleher,20,68,8,0,2016-12-19T13:19:06Z,2016-02-26T13:00:10Z
awesome-unity,https://github.com/RyanNielson/awesome-unity,RyanNielson,136,869,124,0,2016-12-19T17:41:57Z,2016-11-28T14:45:04Z
awesome-vagrant,https://github.com/iJackUA/awesome-vagrant,iJackUA,22,228,17,0,2016-12-19T18:12:34Z,2016-10-24T11:40:40Z
awesome-vector-tiles,https://github.com/mapbox/awesome-vector-tiles,mapbox,131,318,42,0,2016-12-19T09:27:22Z,2016-12-17T02:06:35Z
awesome-vim,https://github.com/akrawchyk/awesome-vim,akrawchyk,30,225,28,2,2016-12-12T15:24:22Z,2016-11-02T06:34:33Z
awesome-vim,https://github.com/matteocrippa/awesome-vim,matteocrippa,18,104,16,4,2016-12-12T20:08:04Z,2016-08-09T08:13:06Z
awesome-volt,https://github.com/heri/awesome-volt,heri,4,27,4,1,2016-07-18T09:02:10Z,2016-07-31T13:59:30Z
awesome-vue,https://github.com/vuejs/awesome-vue,vuejs,606,9040,1141,11,2016-12-19T22:00:03Z,2016-12-19T17:27:07Z
awesome-vulkan,https://github.com/vinjn/awesome-vulkan,vinjn,66,398,47,0,2016-12-19T02:58:58Z,2016-12-19T04:52:46Z
awesome-webcomponents,https://github.com/obetomuniz/awesome-webcomponents,obetomuniz,11,105,10,1,2016-12-06T22:38:27Z,2016-12-06T22:36:38Z
awesome-web-scraping,https://github.com/lorien/awesome-web-scraping,lorien,111,1281,171,0,2016-12-19T10:25:25Z,2016-12-02T04:18:39Z
awesome-webservice,https://github.com/wapmorgan/awesome-webservice,wapmorgan,8,16,1,0,2016-11-16T10:53:36Z,2015-08-27T11:53:47Z
awesome-weekly,https://github.com/jondot/awesome-weekly,jondot,34,268,33,2,2016-12-16T01:05:17Z,2016-11-18T08:52:53Z
awesome-wikipedia,https://github.com/emijrp/awesome-wikipedia,emijrp,5,27,3,0,2016-08-30T03:21:12Z,2015-08-28T21:19:23Z
awesome-wordpress,https://github.com/dropndot/awesome-wordpress,dropndot,6,30,4,0,2016-12-10T11:43:25Z,2016-04-19T16:24:29Z
awesome-wordpress,https://github.com/endel/awesome-wordpress,endel,2,10,3,0,2016-08-30T03:21:03Z,2014-11-14T23:45:49Z
awesome-wordpress,https://github.com/miziomon/awesome-wordpress,miziomon,21,172,32,2,2016-12-19T01:27:09Z,2016-12-15T16:06:46Z
awesome-workshopper,https://github.com/therebelrobot/awesome-workshopper,therebelrobot,18,220,17,2,2016-12-19T21:27:20Z,2016-08-08T09:57:03Z
awesome-wpo,https://github.com/davidsonfellipe/awesome-wpo,davidsonfellipe,364,5619,436,1,2016-12-19T21:17:28Z,2016-11-14T20:39:30Z
awesome-xcode-scripts,https://github.com/aashishtamsya/awesome-xcode-scripts,aashishtamsya,3,11,3,0,2016-12-15T20:06:27Z,2016-09-24T06:40:05Z
awesome-yamada,https://github.com/supermomonga/awesome-yamada,supermomonga,1,5,3,0,2016-02-24T23:53:48Z,2014-07-15T15:35:22Z
awesome-yii,https://github.com/iJackUA/awesome-yii,iJackUA,1,0,0,0,2016-12-13T09:13:36Z,2016-11-18T11:44:53Z
awesome-yii-1,https://github.com/wapmorgan/awesome-yii-1,wapmorgan,3,2,0,0,2014-12-16T01:38:06Z,2014-08-29T04:54:38Z
awesome-zsh-plugins,https://github.com/unixorn/awesome-zsh-plugins,unixorn,89,2092,92,1,2016-12-19T23:08:34Z,2016-12-19T16:45:06Z
awesome,https://github.com/sindresorhus/awesome,sindresorhus,3272,48176,5821,29,2016-12-19T22:15:41Z,2016-12-17T13:50:16Z
awesome-all,https://github.com/bradoyler/awesome-all,bradoyler,15,75,21,1,2016-11-17T09:07:16Z,2016-11-22T21:46:29Z
awesome-android-awesomeness,https://github.com/yongjhih/awesome-android-awesomeness#awesomeness,yongjhih,3,40,6,0,2016-11-02T15:33:23Z,2016-11-20T15:21:08Z
awesome-awesome,https://github.com/aligoren/awesome-awesome,aligoren,1,6,0,0,2016-09-21T11:23:05Z,2015-05-27T17:32:32Z
awesome-awesome,https://github.com/emijrp/awesome-awesome,emijrp,77,697,85,0,2016-12-19T08:44:45Z,2016-11-21T15:29:04Z
awesome-awesome,https://github.com/erichs/awesome-awesome,erichs,19,88,29,1,2016-12-15T07:13:57Z,2016-11-23T00:07:37Z
awesome-awesome,https://github.com/oyvindrobertsen/awesome-awesome,oyvindrobertsen,13,53,8,0,2016-12-06T16:47:44Z,2016-11-24T13:03:25Z
awesome-awesomeness,https://github.com/bayandin/awesome-awesomeness,bayandin,1457,17714,2232,1,2016-12-20T00:04:45Z,2016-12-16T07:41:18Z
awesome-awesomeness-zh_CN,https://github.com/justjavac/awesome-awesomeness-zh_CN,justjavac,130,867,296,3,2016-12-18T06:39:29Z,2016-04-18T05:47:49Z
awesome-awesomes,https://github.com/fleveque/awesome-awesomes,fleveque,52,455,48,3,2016-12-15T23:13:41Z,2016-11-23T07:40:47Z
awesome-collection,https://github.com/flyhigher139/awesome-collection,flyhigher139,6,92,19,0,2016-12-17T15:14:55Z,2015-08-31T00:29:14Z
getAwesomeness,https://github.com/panzhangwang/getAwesomeness,panzhangwang,58,1044,61,2,2016-12-15T19:10:55Z,2016-11-01T01:10:28Z
ListOfGithubLists,https://github.com/asciimoo/ListOfGithubLists,asciimoo,17,251,26,0,2016-12-14T17:51:46Z,2016-10-15T16:20:05Z
list-of-lists,https://github.com/cyrusstoller/list-of-lists,cyrusstoller,2,11,1,0,2016-11-20T12:42:54Z,2014-12-30T00:39:29Z
must-watch-list,https://github.com/adrianmoisey/must-watch-list,adrianmoisey,4,13,1,0,2016-09-21T11:21:50Z,2016-10-04T05:49:40Z
lists,https://github.com/jnv/lists,jnv,226,4018,307,0,2016-12-17T10:50:25Z,2016-12-19T00:05:03Z
wiki,https://github.com/huguangju/wiki,huguangju,8,36,20,10,2016-12-01T05:47:07Z,2016-06-25T08:18:02Z
awesome-awesome-awesome,https://github.com/geekan/awesome-awesome-awesome,geekan,13,201,26,1,2016-12-12T00:42:53Z,2016-06-06T03:41:42Z
awesome-awesome-awesome,https://github.com/t3chnoboy/awesome-awesome-awesome,t3chnoboy,74,756,65,0,2016-12-19T15:49:27Z,2016-09-13T08:04:53Z
awesomecubed,https://github.com/hunterboerner/awesomecubed,hunterboerner,1,4,0,0,2015-08-30T15:22:22Z,2014-07-17T03:07:43Z
lologl,https://github.com/yaph/lologl,yaph,6,65,4,0,2016-08-25T07:15:00Z,2014-07-14T20:21:32Z
meta-awesome,https://github.com/PatrickMcDonald/meta-awesome,PatrickMcDonald,1,8,1,0,2015-07-27T17:12:24Z,2014-07-25T20:35:00Z
awesome-awesome-awesome-awesome,https://github.com/sindresorhus/awesome-awesome-awesome-awesome,sindresorhus,6,38,1,0,2016-11-13T19:36:33Z,2014-07-13T16:30:29Z
awesome-power-of-5,https://github.com/therebelbeta/awesome-power-of-5,therebelbeta,0,8,1,1,2016-11-07T05:32:55Z,2016-07-20T15:38:03Z
awesome-awesome-awesome-awesome-awesome-awesome,https://github.com/enedil/awesome-awesome-awesome-awesome-awesome-awesome,enedil,0,2,0,0,2016-04-25T16:37:27Z,2015-08-14T14:34:48Z
